ПІБ лікаря,person_gender,person_age,n_visits
Єгорова Лариса Федорівна,жіноча,y18-39,442
Єгорова Лариса Федорівна,жіноча,y40-64,989
Єгорова Лариса Федорівна,жіноча,y65+,817
Єгорова Лариса Федорівна,чоловіча,y18-39,414
Єгорова Лариса Федорівна,чоловіча,y40-64,530
Єгорова Лариса Федорівна,чоловіча,y65+,389
Іванова Інна Володимірівна,жіноча,y0-5,1279
Іванова Інна Володимірівна,жіноча,y6-17,1460
Іванова Інна Володимірівна,чоловіча,y0-5,1380
Іванова Інна Володимірівна,чоловіча,y6-17,1454
Іванова Інна Володимірівна,чоловіча,y18-39,11
Іванова Валентина Георгіївна,жіноча,y0-5,1242
Іванова Валентина Георгіївна,жіноча,y6-17,2088
Іванова Валентина Георгіївна,жіноча,y18-39,4
Іванова Валентина Георгіївна,чоловіча,y0-5,1381
Іванова Валентина Георгіївна,чоловіча,y6-17,2202
Іванова Валентина Георгіївна,чоловіча,y18-39,5
Іванова Валентина Георгіївна,чоловіча,y40-64,1
Іванчук Інна Олексіївна,жіноча,y6-17,8
Іванчук Інна Олексіївна,жіноча,y18-39,407
Іванчук Інна Олексіївна,жіноча,y40-64,1098
Іванчук Інна Олексіївна,жіноча,y65+,1011
Іванчук Інна Олексіївна,чоловіча,y6-17,3
Іванчук Інна Олексіївна,чоловіча,y18-39,629
Іванчук Інна Олексіївна,чоловіча,y40-64,783
Іванчук Інна Олексіївна,чоловіча,y65+,393
Іванілова Інна Володимирівна,жіноча,y18-39,131
Іванілова Інна Володимирівна,жіноча,y40-64,380
Іванілова Інна Володимирівна,жіноча,y65+,669
Іванілова Інна Володимирівна,чоловіча,y18-39,110
Іванілова Інна Володимирівна,чоловіча,y40-64,249
Іванілова Інна Володимирівна,чоловіча,y65+,274
Іващенко Л.М.,жіноча,y0-5,1241
Іващенко Л.М.,жіноча,y6-17,1519
Іващенко Л.М.,жіноча,y18-39,2
Іващенко Л.М.,чоловіча,y0-5,1414
Іващенко Л.М.,чоловіча,y6-17,1954
Іващенко Л.М.,чоловіча,y18-39,3
Іващенко Любов Миколаївна,жіноча,y6-17,1
Іващенко Любов Миколаївна,жіноча,y18-39,163
Іващенко Любов Миколаївна,жіноча,y40-64,599
Іващенко Любов Миколаївна,жіноча,y65+,831
Іващенко Любов Миколаївна,чоловіча,y0-5,2
Іващенко Любов Миколаївна,чоловіча,y18-39,137
Іващенко Любов Миколаївна,чоловіча,y40-64,341
Іващенко Любов Миколаївна,чоловіча,y65+,352
Ішков Віктор Володимирович,жіноча,y0-5,307
Ішков Віктор Володимирович,жіноча,y6-17,923
Ішков Віктор Володимирович,жіноча,y18-39,18
Ішков Віктор Володимирович,жіноча,y40-64,1
Ішков Віктор Володимирович,жіноча,y65+,1
Ішков Віктор Володимирович,чоловіча,y0-5,378
Ішков Віктор Володимирович,чоловіча,y6-17,1290
Ішков Віктор Володимирович,чоловіча,y18-39,22
Ішков Віктор Володимирович,чоловіча,y40-64,6
Ішков Віктор Володимирович,чоловіча,y65+,2
Аболимова Валентина Федорівна,жіноча,y0-5,1066
Аболимова Валентина Федорівна,жіноча,y6-17,1140
Аболимова Валентина Федорівна,жіноча,y18-39,2
Аболимова Валентина Федорівна,жіноча,y40-64,2
Аболимова Валентина Федорівна,жіноча,y65+,1
Аболимова Валентина Федорівна,чоловіча,y0-5,971
Аболимова Валентина Федорівна,чоловіча,y6-17,982
Аболимова Валентина Федорівна,чоловіча,y65+,1
Абрамович Надія Олександрівна,жіноча,y0-5,1
Абрамович Надія Олександрівна,жіноча,y18-39,443
Абрамович Надія Олександрівна,жіноча,y40-64,913
Абрамович Надія Олександрівна,жіноча,y65+,865
Абрамович Надія Олександрівна,чоловіча,y0-5,1
Абрамович Надія Олександрівна,чоловіча,y18-39,473
Абрамович Надія Олександрівна,чоловіча,y40-64,514
Абрамович Надія Олександрівна,чоловіча,y65+,373
Авдан Наталя Григорівна,жіноча,y18-39,100
Авдан Наталя Григорівна,жіноча,y40-64,182
Авдан Наталя Григорівна,жіноча,y65+,248
Авдан Наталя Григорівна,чоловіча,y6-17,5
Авдан Наталя Григорівна,чоловіча,y18-39,111
Авдан Наталя Григорівна,чоловіча,y40-64,135
Авдан Наталя Григорівна,чоловіча,y65+,111
Авербух Руслан Ідельович,жіноча,y18-39,179
Авербух Руслан Ідельович,жіноча,y40-64,317
Авербух Руслан Ідельович,жіноча,y65+,513
Авербух Руслан Ідельович,чоловіча,y6-17,2
Авербух Руслан Ідельович,чоловіча,y18-39,96
Авербух Руслан Ідельович,чоловіча,y40-64,268
Авербух Руслан Ідельович,чоловіча,y65+,163
Аврамова Алла Юріївна,жіноча,y6-17,1
Аврамова Алла Юріївна,жіноча,y18-39,158
Аврамова Алла Юріївна,жіноча,y40-64,79
Аврамова Алла Юріївна,жіноча,y65+,34
Аврамова Алла Юріївна,чоловіча,y40-64,2
Агаркова Олена Георгіївна,жіноча,y0-5,329
Агаркова Олена Георгіївна,жіноча,y6-17,1869
Агаркова Олена Георгіївна,жіноча,y18-39,426
Агаркова Олена Георгіївна,жіноча,y40-64,189
Агаркова Олена Георгіївна,жіноча,y65+,28
Агаркова Олена Георгіївна,чоловіча,y0-5,254
Агаркова Олена Георгіївна,чоловіча,y6-17,2308
Агаркова Олена Георгіївна,чоловіча,y18-39,616
Агаркова Олена Георгіївна,чоловіча,y40-64,84
Агаркова Олена Георгіївна,чоловіча,y65+,2
Адаманов Олександр Васильович,жіноча,y0-5,65
Адаманов Олександр Васильович,жіноча,y6-17,169
Адаманов Олександр Васильович,чоловіча,y0-5,56
Адаманов Олександр Васильович,чоловіча,y6-17,175
Адаманов Олександр Васильович,чоловіча,y18-39,2
Адаманов Олександр Васильович,чоловіча,y65+,1
Азаренкова Зінаїда Зосімовна,жіноча,y0-5,2
Азаров Г.Г.,жіноча,y6-17,4
Азаров Г.Г.,жіноча,y18-39,477
Азаров Г.Г.,жіноча,y40-64,902
Азаров Г.Г.,жіноча,y65+,755
Азаров Г.Г.,чоловіча,y6-17,2
Азаров Г.Г.,чоловіча,y18-39,482
Азаров Г.Г.,чоловіча,y40-64,650
Азаров Г.Г.,чоловіча,y65+,299
Азаров Сергій Олексійович,жіноча,y6-17,3
Азаров Сергій Олексійович,жіноча,y18-39,473
Азаров Сергій Олексійович,жіноча,y40-64,704
Азаров Сергій Олексійович,жіноча,y65+,611
Азаров Сергій Олексійович,чоловіча,y6-17,2
Азаров Сергій Олексійович,чоловіча,y18-39,771
Азаров Сергій Олексійович,чоловіча,y40-64,788
Азаров Сергій Олексійович,чоловіча,y65+,348
Айрапетова Ольга Вікторівна,жіноча,y18-39,331
Айрапетова Ольга Вікторівна,жіноча,y40-64,916
Айрапетова Ольга Вікторівна,жіноча,y65+,913
Айрапетова Ольга Вікторівна,чоловіча,y6-17,4
Айрапетова Ольга Вікторівна,чоловіча,y18-39,398
Айрапетова Ольга Вікторівна,чоловіча,y40-64,564
Айрапетова Ольга Вікторівна,чоловіча,y65+,346
Айтул Р.Ф.,жіноча,y6-17,1
Айтул Р.Ф.,жіноча,y18-39,652
Айтул Р.Ф.,жіноча,y40-64,1098
Айтул Р.Ф.,жіноча,y65+,1028
Айтул Р.Ф.,чоловіча,y6-17,4
Айтул Р.Ф.,чоловіча,y18-39,802
Айтул Р.Ф.,чоловіча,y40-64,982
Айтул Р.Ф.,чоловіча,y65+,440
Акулова Людмила Володимирівна,жіноча,y0-5,982
Акулова Людмила Володимирівна,жіноча,y6-17,1950
Акулова Людмила Володимирівна,жіноча,y18-39,4
Акулова Людмила Володимирівна,жіноча,y40-64,1
Акулова Людмила Володимирівна,жіноча,y65+,1
Акулова Людмила Володимирівна,чоловіча,y0-5,1004
Акулова Людмила Володимирівна,чоловіча,y6-17,1692
Акулова Людмила Володимирівна,чоловіча,y18-39,1
Акулова Людмила Володимирівна,чоловіча,y40-64,1
Акішина Людмила Григорівна,жіноча,y6-17,4
Акішина Людмила Григорівна,жіноча,y18-39,314
Акішина Людмила Григорівна,жіноча,y40-64,735
Акішина Людмила Григорівна,жіноча,y65+,981
Акішина Людмила Григорівна,чоловіча,y6-17,1
Акішина Людмила Григорівна,чоловіча,y18-39,176
Акішина Людмила Григорівна,чоловіча,y40-64,440
Акішина Людмила Григорівна,чоловіча,y65+,286
Арсеньєва Марина Віталіївна,жіноча,y6-17,3
Арсеньєва Марина Віталіївна,жіноча,y18-39,55
Арсеньєва Марина Віталіївна,жіноча,y40-64,61
Арсеньєва Марина Віталіївна,жіноча,y65+,79
Арсеньєва Марина Віталіївна,чоловіча,y18-39,67
Арсеньєва Марина Віталіївна,чоловіча,y40-64,46
Арсеньєва Марина Віталіївна,чоловіча,y65+,33
Артемова Світлана Федорівна,жіноча,y0-5,28
Артемова Світлана Федорівна,жіноча,y6-17,57
Артемова Світлана Федорівна,жіноча,y18-39,4
Артемова Світлана Федорівна,жіноча,y40-64,8
Артемова Світлана Федорівна,жіноча,y65+,4
Артемова Світлана Федорівна,чоловіча,y0-5,26
Артемова Світлана Федорівна,чоловіча,y6-17,126
Артемова Світлана Федорівна,чоловіча,y40-64,2
Артемова Світлана Федорівна,чоловіча,y65+,1
Архипова Антоніна Олександрівна,жіноча,y18-39,74
Архипова Антоніна Олександрівна,жіноча,y40-64,238
Архипова Антоніна Олександрівна,жіноча,y65+,227
Архипова Антоніна Олександрівна,чоловіча,y18-39,57
Архипова Антоніна Олександрівна,чоловіча,y40-64,124
Архипова Антоніна Олександрівна,чоловіча,y65+,103
Аріошкіна Ірина Володимирівна,жіноча,y6-17,3
Аріошкіна Ірина Володимирівна,жіноча,y18-39,359
Аріошкіна Ірина Володимирівна,жіноча,y40-64,647
Аріошкіна Ірина Володимирівна,жіноча,y65+,615
Аріошкіна Ірина Володимирівна,чоловіча,y18-39,300
Аріошкіна Ірина Володимирівна,чоловіча,y40-64,468
Аріошкіна Ірина Володимирівна,чоловіча,y65+,323
Бабкова Т.А.,жіноча,y6-17,3
Бабкова Т.А.,жіноча,y18-39,502
Бабкова Т.А.,жіноча,y40-64,894
Бабкова Т.А.,жіноча,y65+,819
Бабкова Т.А.,чоловіча,y6-17,2
Бабкова Т.А.,чоловіча,y18-39,474
Бабкова Т.А.,чоловіча,y40-64,653
Бабкова Т.А.,чоловіча,y65+,365
Бабіна Галина Михайлівна,жіноча,y6-17,2
Бабіна Галина Михайлівна,жіноча,y18-39,544
Бабіна Галина Михайлівна,жіноча,y40-64,1041
Бабіна Галина Михайлівна,жіноча,y65+,1074
Бабіна Галина Михайлівна,чоловіча,y6-17,1
Бабіна Галина Михайлівна,чоловіча,y18-39,643
Бабіна Галина Михайлівна,чоловіча,y40-64,791
Бабіна Галина Михайлівна,чоловіча,y65+,428
Байбекова Ніна Олексіївна,жіноча,y0-5,458
Байбекова Ніна Олексіївна,жіноча,y6-17,981
Байбекова Ніна Олексіївна,жіноча,y18-39,6
Байбекова Ніна Олексіївна,жіноча,y40-64,2
Байбекова Ніна Олексіївна,чоловіча,y0-5,586
Байбекова Ніна Олексіївна,чоловіча,y6-17,1141
Байбекова Ніна Олексіївна,чоловіча,y18-39,1
Байбекова Ніна Олексіївна,чоловіча,y65+,2
Баланда Олена Вікторівна,жіноча,y0-5,775
Баланда Олена Вікторівна,жіноча,y6-17,723
Баланда Олена Вікторівна,чоловіча,y0-5,993
Баланда Олена Вікторівна,чоловіча,y6-17,815
Баланда Олена Вікторівна,чоловіча,y18-39,2
Баланда Олена Вікторівна,чоловіча,y40-64,1
Барабанов Евген Семенович,жіноча,y18-39,15
Барабанов Евген Семенович,жіноча,y40-64,27
Барабанов Евген Семенович,жіноча,y65+,16
Барабанов Евген Семенович,чоловіча,y18-39,20
Барабанов Евген Семенович,чоловіча,y40-64,11
Барабанов Евген Семенович,чоловіча,y65+,6
Барабаш Ольга Григорівна,жіноча,y0-5,533
Барабаш Ольга Григорівна,жіноча,y6-17,940
Барабаш Ольга Григорівна,жіноча,y18-39,6
Барабаш Ольга Григорівна,жіноча,y40-64,2
Барабаш Ольга Григорівна,чоловіча,y0-5,739
Барабаш Ольга Григорівна,чоловіча,y6-17,1002
Барабаш Ольга Григорівна,чоловіча,y18-39,2
Барабаш Ольга Григорівна,чоловіча,y40-64,1
Бараненко Наталя Вікторівна ,жіноча,y18-39,12
Бараненко Наталя Вікторівна ,жіноча,y40-64,26
Бараненко Наталя Вікторівна ,жіноча,y65+,14
Бараненко Наталя Вікторівна ,чоловіча,y18-39,6
Бараненко Наталя Вікторівна ,чоловіча,y40-64,21
Бараненко Наталя Вікторівна ,чоловіча,y65+,6
Безобразова Ірина Леонідівна,жіноча,y0-5,1
Безобразова Ірина Леонідівна,жіноча,y6-17,51
Безобразова Ірина Леонідівна,жіноча,y18-39,619
Безобразова Ірина Леонідівна,жіноча,y40-64,1656
Безобразова Ірина Леонідівна,жіноча,y65+,710
Безобразова Ірина Леонідівна,чоловіча,y6-17,21
Безобразова Ірина Леонідівна,чоловіча,y18-39,680
Безобразова Ірина Леонідівна,чоловіча,y40-64,971
Безобразова Ірина Леонідівна,чоловіча,y65+,297
Бейгуленко-Вороніна Тетяна Павлівна,жіноча,y6-17,1
Бейгуленко-Вороніна Тетяна Павлівна,жіноча,y18-39,560
Бейгуленко-Вороніна Тетяна Павлівна,жіноча,y40-64,1156
Бейгуленко-Вороніна Тетяна Павлівна,жіноча,y65+,964
Бейгуленко-Вороніна Тетяна Павлівна,чоловіча,y18-39,775
Бейгуленко-Вороніна Тетяна Павлівна,чоловіча,y40-64,848
Бейгуленко-Вороніна Тетяна Павлівна,чоловіча,y65+,388
Бельченко Світлана Георгіївна,жіноча,y6-17,1
Бельченко Світлана Георгіївна,жіноча,y18-39,121
Бельченко Світлана Георгіївна,жіноча,y40-64,352
Бельченко Світлана Георгіївна,жіноча,y65+,781
Бельченко Світлана Георгіївна,чоловіча,y0-5,1
Бельченко Світлана Георгіївна,чоловіча,y18-39,163
Бельченко Світлана Георгіївна,чоловіча,y40-64,283
Бельченко Світлана Георгіївна,чоловіча,y65+,313
Бендас Галина Василівна,жіноча,y0-5,1333
Бендас Галина Василівна,жіноча,y6-17,1528
Бендас Галина Василівна,жіноча,y40-64,1
Бендас Галина Василівна,жіноча,y65+,2
Бендас Галина Василівна,чоловіча,y0-5,1215
Бендас Галина Василівна,чоловіча,y6-17,1932
Бендас Галина Василівна,чоловіча,y18-39,3
Бендас Галина Василівна,чоловіча,y40-64,1
Беспала Наталія Миколаївна ,жіноча,y0-5,633
Беспала Наталія Миколаївна ,жіноча,y6-17,1009
Беспала Наталія Миколаївна ,жіноча,y18-39,1
Беспала Наталія Миколаївна ,жіноча,y65+,1
Беспала Наталія Миколаївна ,чоловіча,y0-5,522
Беспала Наталія Миколаївна ,чоловіча,y6-17,1185
Беспала Наталія Миколаївна ,чоловіча,y65+,1
Бляшинська Л.І.,жіноча,y0-5,1
Бляшинська Л.І.,жіноча,y6-17,11
Бляшинська Л.І.,жіноча,y18-39,362
Бляшинська Л.І.,жіноча,y40-64,1204
Бляшинська Л.І.,жіноча,y65+,1334
Бляшинська Л.І.,чоловіча,y0-5,2
Бляшинська Л.І.,чоловіча,y6-17,6
Бляшинська Л.І.,чоловіча,y18-39,278
Бляшинська Л.І.,чоловіча,y40-64,604
Бляшинська Л.І.,чоловіча,y65+,442
Богданович Михайло Адамович,жіноча,y0-5,141
Богданович Михайло Адамович,жіноча,y6-17,468
Богданович Михайло Адамович,жіноча,y18-39,332
Богданович Михайло Адамович,жіноча,y40-64,759
Богданович Михайло Адамович,жіноча,y65+,854
Богданович Михайло Адамович,чоловіча,y0-5,187
Богданович Михайло Адамович,чоловіча,y6-17,713
Богданович Михайло Адамович,чоловіча,y18-39,423
Богданович Михайло Адамович,чоловіча,y40-64,493
Богданович Михайло Адамович,чоловіча,y65+,472
Богинська Ольга Василівна ,жіноча,y18-39,205
Богинська Ольга Василівна ,жіноча,y40-64,806
Богинська Ольга Василівна ,жіноча,y65+,697
Богинська Ольга Василівна ,чоловіча,y18-39,201
Богинська Ольга Василівна ,чоловіча,y40-64,374
Богинська Ольга Василівна ,чоловіча,y65+,331
Болдирєва Елла Віталіївна,жіноча,y6-17,16
Болдирєва Елла Віталіївна,жіноча,y18-39,230
Болдирєва Елла Віталіївна,жіноча,y40-64,474
Болдирєва Елла Віталіївна,жіноча,y65+,451
Болдирєва Елла Віталіївна,чоловіча,y18-39,222
Болдирєва Елла Віталіївна,чоловіча,y40-64,253
Болдирєва Елла Віталіївна,чоловіча,y65+,131
Бондаренко Ірина Олександрівна,жіноча,y6-17,1
Бондаренко Ірина Олександрівна,жіноча,y18-39,206
Бондаренко Ірина Олександрівна,жіноча,y40-64,574
Бондаренко Ірина Олександрівна,жіноча,y65+,774
Бондаренко Ірина Олександрівна,чоловіча,y18-39,193
Бондаренко Ірина Олександрівна,чоловіча,y40-64,378
Бондаренко Ірина Олександрівна,чоловіча,y65+,312
Бондаренко Зінаіда Антонівна,жіноча,y0-5,1
Бондаренко Зінаіда Антонівна,жіноча,y18-39,320
Бондаренко Зінаіда Антонівна,жіноча,y40-64,960
Бондаренко Зінаіда Антонівна,жіноча,y65+,1096
Бондаренко Зінаіда Антонівна,чоловіча,y6-17,1
Бондаренко Зінаіда Антонівна,чоловіча,y18-39,523
Бондаренко Зінаіда Антонівна,чоловіча,y40-64,669
Бондаренко Зінаіда Антонівна,чоловіча,y65+,360
Бондарук Лідія Андріївна,жіноча,y6-17,3
Бондарук Лідія Андріївна,жіноча,y18-39,529
Бондарук Лідія Андріївна,жіноча,y40-64,1133
Бондарук Лідія Андріївна,жіноча,y65+,579
Бондарук Лідія Андріївна,чоловіча,y18-39,542
Бондарук Лідія Андріївна,чоловіча,y40-64,670
Бондарук Лідія Андріївна,чоловіча,y65+,253
Бордунова Н.В.,жіноча,y18-39,428
Бордунова Н.В.,жіноча,y40-64,762
Бордунова Н.В.,жіноча,y65+,787
Бордунова Н.В.,чоловіча,y6-17,5
Бордунова Н.В.,чоловіча,y18-39,397
Бордунова Н.В.,чоловіча,y40-64,525
Бордунова Н.В.,чоловіча,y65+,352
Бородуля Тамара Павлівна,жіноча,y18-39,10
Бородуля Тамара Павлівна,жіноча,y40-64,47
Бородуля Тамара Павлівна,жіноча,y65+,26
Бородуля Тамара Павлівна,чоловіча,y40-64,1
Бохолдіна Л.І.,жіноча,y0-5,503
Бохолдіна Л.І.,жіноча,y6-17,743
Бохолдіна Л.І.,жіноча,y18-39,2
Бохолдіна Л.І.,чоловіча,y0-5,616
Бохолдіна Л.І.,чоловіча,y6-17,695
Бохолдіна Л.І.,чоловіча,y18-39,2
Бояренко Ігор Олегович,жіноча,y0-5,500
Бояренко Ігор Олегович,жіноча,y6-17,1364
Бояренко Ігор Олегович,жіноча,y18-39,4
Бояренко Ігор Олегович,жіноча,y40-64,2
Бояренко Ігор Олегович,чоловіча,y0-5,757
Бояренко Ігор Олегович,чоловіча,y6-17,1979
Бояренко Ігор Олегович,чоловіча,y18-39,4
Бояренко Ігор Олегович,чоловіча,y40-64,1
Бояренко Ігор Олегович,чоловіча,y65+,1
Бояренко Олена Олександрівна,жіноча,y0-5,308
Бояренко Олена Олександрівна,жіноча,y6-17,638
Бояренко Олена Олександрівна,жіноча,y18-39,1
Бояренко Олена Олександрівна,чоловіча,y0-5,501
Бояренко Олена Олександрівна,чоловіча,y6-17,878
Бояренко Олена Олександрівна,чоловіча,y40-64,1
Брагіна Наталя Вікторівна,жіноча,y6-17,53
Брагіна Наталя Вікторівна,жіноча,y18-39,1052
Брагіна Наталя Вікторівна,жіноча,y40-64,1309
Брагіна Наталя Вікторівна,жіноча,y65+,1177
Брагіна Наталя Вікторівна,чоловіча,y6-17,59
Брагіна Наталя Вікторівна,чоловіча,y18-39,985
Брагіна Наталя Вікторівна,чоловіча,y40-64,789
Брагіна Наталя Вікторівна,чоловіча,y65+,404
Бражник Л.В.,жіноча,y0-5,821
Бражник Л.В.,жіноча,y6-17,1219
Бражник Л.В.,жіноча,y18-39,1
Бражник Л.В.,чоловіча,y0-5,919
Бражник Л.В.,чоловіча,y6-17,1221
Бражник Л.В.,чоловіча,y18-39,2
Брук І.М.,жіноча,y0-5,731
Брук І.М.,жіноча,y6-17,958
Брук І.М.,жіноча,y65+,1
Брук І.М.,чоловіча,y0-5,808
Брук І.М.,чоловіча,y6-17,1194
Брук І.М.,чоловіча,y18-39,3
Буглаєва І.Г.,чоловіча,y18-39,2
Буданцева Екатерина Семенівна,жіноча,y0-5,383
Буданцева Екатерина Семенівна,жіноча,y6-17,1400
Буданцева Екатерина Семенівна,жіноча,y18-39,2
Буданцева Екатерина Семенівна,чоловіча,y0-5,442
Буданцева Екатерина Семенівна,чоловіча,y6-17,1442
Буданцева Екатерина Семенівна,чоловіча,y18-39,1
Букіна Ольга Петрівна,жіноча,y0-5,1246
Букіна Ольга Петрівна,жіноча,y6-17,1297
Букіна Ольга Петрівна,жіноча,y18-39,1
Букіна Ольга Петрівна,жіноча,y65+,2
Букіна Ольга Петрівна,чоловіча,y0-5,1125
Букіна Ольга Петрівна,чоловіча,y6-17,1316
Букіна Ольга Петрівна,чоловіча,y18-39,2
Булі Валентина Григорівна,жіноча,y0-5,1023
Булі Валентина Григорівна,жіноча,y6-17,1063
Булі Валентина Григорівна,жіноча,y18-39,6
Булі Валентина Григорівна,жіноча,y65+,1
Булі Валентина Григорівна,чоловіча,y0-5,1034
Булі Валентина Григорівна,чоловіча,y6-17,960
Булі Валентина Григорівна,чоловіча,y18-39,4
Бурикін Олександр Юрійович,жіноча,y0-5,719
Бурикін Олександр Юрійович,жіноча,y6-17,845
Бурикін Олександр Юрійович,жіноча,y18-39,1
Бурикін Олександр Юрійович,жіноча,y65+,1
Бурикін Олександр Юрійович,чоловіча,y0-5,838
Бурикін Олександр Юрійович,чоловіча,y6-17,960
Бурикін Олександр Юрійович,чоловіча,y18-39,1
Бурикін Олександр Юрійович,чоловіча,y40-64,19
Бурикіна Лариса Василівна,жіноча,y0-5,838
Бурикіна Лариса Василівна,жіноча,y6-17,689
Бурикіна Лариса Василівна,жіноча,y18-39,1
Бурикіна Лариса Василівна,чоловіча,y0-5,1103
Бурикіна Лариса Василівна,чоловіча,y6-17,859
Бурмистрова Наталя Михайлівна,жіноча,y0-5,552
Бурмистрова Наталя Михайлівна,жіноча,y6-17,664
Бурмистрова Наталя Михайлівна,жіноча,y18-39,472
Бурмистрова Наталя Михайлівна,жіноча,y40-64,660
Бурмистрова Наталя Михайлівна,жіноча,y65+,541
Бурмистрова Наталя Михайлівна,чоловіча,y0-5,544
Бурмистрова Наталя Михайлівна,чоловіча,y6-17,743
Бурмистрова Наталя Михайлівна,чоловіча,y18-39,489
Бурмистрова Наталя Михайлівна,чоловіча,y40-64,555
Бурмистрова Наталя Михайлівна,чоловіча,y65+,243
Біленька Галина Вікторівна,жіноча,y0-5,258
Біленька Галина Вікторівна,жіноча,y6-17,153
Біленька Галина Вікторівна,чоловіча,y0-5,283
Біленька Галина Вікторівна,чоловіча,y6-17,198
Василенко Валентина Матвіївна,жіноча,y0-5,340
Василенко Валентина Матвіївна,жіноча,y6-17,1058
Василенко Валентина Матвіївна,жіноча,y18-39,2
Василенко Валентина Матвіївна,жіноча,y40-64,2
Василенко Валентина Матвіївна,чоловіча,y0-5,444
Василенко Валентина Матвіївна,чоловіча,y6-17,1143
Василенко Валентина Матвіївна,чоловіча,y18-39,1
Василенко Валентина Матвіївна,чоловіча,y65+,1
Васильєв В.О.,жіноча,y6-17,4
Васильєв В.О.,жіноча,y18-39,191
Васильєв В.О.,жіноча,y40-64,625
Васильєв В.О.,жіноча,y65+,536
Васильєв В.О.,чоловіча,y6-17,2
Васильєв В.О.,чоловіча,y18-39,216
Васильєв В.О.,чоловіча,y40-64,535
Васильєв В.О.,чоловіча,y65+,183
Васильєва Ольга Іванівна,жіноча,y0-5,1521
Васильєва Ольга Іванівна,жіноча,y6-17,1926
Васильєва Ольга Іванівна,жіноча,y18-39,3
Васильєва Ольга Іванівна,чоловіча,y0-5,1637
Васильєва Ольга Іванівна,чоловіча,y6-17,1887
Васильєва Ольга Іванівна,чоловіча,y18-39,3
Васюкевич Олена Іванівна,жіноча,y18-39,324
Васюкевич Олена Іванівна,жіноча,y40-64,630
Васюкевич Олена Іванівна,жіноча,y65+,784
Васюкевич Олена Іванівна,чоловіча,y0-5,1
Васюкевич Олена Іванівна,чоловіча,y6-17,4
Васюкевич Олена Іванівна,чоловіча,y18-39,299
Васюкевич Олена Іванівна,чоловіча,y40-64,542
Васюкевич Олена Іванівна,чоловіча,y65+,382
Васіна Олена Олександрівна,жіноча,y18-39,238
Васіна Олена Олександрівна,жіноча,y40-64,714
Васіна Олена Олександрівна,жіноча,y65+,858
Васіна Олена Олександрівна,чоловіча,y0-5,2
Васіна Олена Олександрівна,чоловіча,y6-17,2
Васіна Олена Олександрівна,чоловіча,y18-39,266
Васіна Олена Олександрівна,чоловіча,y40-64,410
Васіна Олена Олександрівна,чоловіча,y65+,320
Власенко Ю.В.,жіноча,y6-17,23
Власенко Ю.В.,жіноча,y18-39,312
Власенко Ю.В.,жіноча,y40-64,702
Власенко Ю.В.,жіноча,y65+,726
Власенко Ю.В.,чоловіча,y6-17,13
Власенко Ю.В.,чоловіча,y18-39,274
Власенко Ю.В.,чоловіча,y40-64,480
Власенко Ю.В.,чоловіча,y65+,262
Воздіган Наталя Євгенівна,жіноча,y18-39,241
Воздіган Наталя Євгенівна,жіноча,y40-64,502
Воздіган Наталя Євгенівна,жіноча,y65+,652
Воздіган Наталя Євгенівна,чоловіча,y18-39,126
Воздіган Наталя Євгенівна,чоловіча,y40-64,345
Воздіган Наталя Євгенівна,чоловіча,y65+,179
Воробйова Арина Григорівна,жіноча,y0-5,1203
Воробйова Арина Григорівна,жіноча,y6-17,2032
Воробйова Арина Григорівна,жіноча,y18-39,4
Воробйова Арина Григорівна,жіноча,y65+,1
Воробйова Арина Григорівна,чоловіча,y0-5,1333
Воробйова Арина Григорівна,чоловіча,y6-17,1856
Воробйова Арина Григорівна,чоловіча,y18-39,5
Воробйова Арина Григорівна,чоловіча,y40-64,2
Воробйова О.В.,жіноча,y0-5,1
Воробйова О.В.,жіноча,y6-17,1
Воробйова О.В.,жіноча,y18-39,509
Воробйова О.В.,жіноча,y40-64,1050
Воробйова О.В.,жіноча,y65+,1130
Воробйова О.В.,чоловіча,y0-5,5
Воробйова О.В.,чоловіча,y6-17,1
Воробйова О.В.,чоловіча,y18-39,437
Воробйова О.В.,чоловіча,y40-64,676
Воробйова О.В.,чоловіча,y65+,343
Восканян Асмік Сааківна,жіноча,y0-5,1359
Восканян Асмік Сааківна,жіноча,y6-17,991
Восканян Асмік Сааківна,жіноча,y18-39,2
Восканян Асмік Сааківна,чоловіча,y0-5,1237
Восканян Асмік Сааківна,чоловіча,y6-17,1156
Восканян Асмік Сааківна,чоловіча,y40-64,1
Воєвода Катерина Андріївна,жіноча,y0-5,1
Воєвода Катерина Андріївна,жіноча,y6-17,3
Воєвода Катерина Андріївна,жіноча,y18-39,213
Воєвода Катерина Андріївна,жіноча,y40-64,690
Воєвода Катерина Андріївна,жіноча,y65+,808
Воєвода Катерина Андріївна,чоловіча,y6-17,5
Воєвода Катерина Андріївна,чоловіча,y18-39,218
Воєвода Катерина Андріївна,чоловіча,y40-64,413
Воєвода Катерина Андріївна,чоловіча,y65+,312
Віжга Віталій Вікторович,жіноча,y6-17,2
Віжга Віталій Вікторович,жіноча,y18-39,624
Віжга Віталій Вікторович,жіноча,y40-64,762
Віжга Віталій Вікторович,жіноча,y65+,556
Віжга Віталій Вікторович,чоловіча,y6-17,3
Віжга Віталій Вікторович,чоловіча,y18-39,452
Віжга Віталій Вікторович,чоловіча,y40-64,482
Віжга Віталій Вікторович,чоловіча,y65+,253
Гаврюшина Н.Е.,жіноча,y0-5,5
Гаврюшина Н.Е.,жіноча,y6-17,124
Гаврюшина Н.Е.,жіноча,y18-39,540
Гаврюшина Н.Е.,жіноча,y40-64,797
Гаврюшина Н.Е.,жіноча,y65+,737
Гаврюшина Н.Е.,чоловіча,y0-5,31
Гаврюшина Н.Е.,чоловіча,y6-17,97
Гаврюшина Н.Е.,чоловіча,y18-39,392
Гаврюшина Н.Е.,чоловіча,y40-64,576
Гаврюшина Н.Е.,чоловіча,y65+,267
Ганіна Вікторія Петрівна,жіноча,y0-5,382
Ганіна Вікторія Петрівна,жіноча,y6-17,519
Ганіна Вікторія Петрівна,чоловіча,y0-5,442
Ганіна Вікторія Петрівна,чоловіча,y6-17,428
Ганіна Вікторія Петрівна,чоловіча,y18-39,3
Ганіна Вікторія Петрівна,чоловіча,y40-64,1
Генов Геннадій Анатолійович,жіноча,y18-39,698
Генов Геннадій Анатолійович,жіноча,y40-64,1353
Генов Геннадій Анатолійович,жіноча,y65+,733
Генов Геннадій Анатолійович,чоловіча,y0-5,1
Генов Геннадій Анатолійович,чоловіча,y6-17,1
Генов Геннадій Анатолійович,чоловіча,y18-39,1090
Генов Геннадій Анатолійович,чоловіча,y40-64,1428
Генов Геннадій Анатолійович,чоловіча,y65+,334
Генова Ольга Дмитрівна,жіноча,y18-39,90
Генова Ольга Дмитрівна,жіноча,y40-64,291
Генова Ольга Дмитрівна,жіноча,y65+,183
Генова Ольга Дмитрівна,чоловіча,y18-39,129
Генова Ольга Дмитрівна,чоловіча,y40-64,202
Генова Ольга Дмитрівна,чоловіча,y65+,77
Гетманов Петро Миколайович,жіноча,y6-17,5
Гетманов Петро Миколайович,жіноча,y18-39,369
Гетманов Петро Миколайович,жіноча,y40-64,813
Гетманов Петро Миколайович,жіноча,y65+,765
Гетманов Петро Миколайович,чоловіча,y0-5,2
Гетманов Петро Миколайович,чоловіча,y6-17,1
Гетманов Петро Миколайович,чоловіча,y18-39,478
Гетманов Петро Миколайович,чоловіча,y40-64,664
Гетманов Петро Миколайович,чоловіча,y65+,359
Гетманова Анастасія Олександрівна,жіноча,y6-17,126
Гетманова Анастасія Олександрівна,жіноча,y18-39,573
Гетманова Анастасія Олександрівна,жіноча,y40-64,995
Гетманова Анастасія Олександрівна,жіноча,y65+,1035
Гетманова Анастасія Олександрівна,чоловіча,y6-17,144
Гетманова Анастасія Олександрівна,чоловіча,y18-39,527
Гетманова Анастасія Олександрівна,чоловіча,y40-64,640
Гетманова Анастасія Олександрівна,чоловіча,y65+,339
Гладких Наталя Анатоліївна,жіноча,y18-39,462
Гладких Наталя Анатоліївна,жіноча,y40-64,1053
Гладких Наталя Анатоліївна,жіноча,y65+,1472
Гладких Наталя Анатоліївна,чоловіча,y0-5,2
Гладких Наталя Анатоліївна,чоловіча,y6-17,2
Гладких Наталя Анатоліївна,чоловіча,y18-39,574
Гладких Наталя Анатоліївна,чоловіча,y40-64,703
Гладких Наталя Анатоліївна,чоловіча,y65+,475
Головко Валентина Олександрівна,жіноча,y0-5,1
Головко Валентина Олександрівна,жіноча,y18-39,122
Головко Валентина Олександрівна,жіноча,y40-64,402
Головко Валентина Олександрівна,жіноча,y65+,625
Головко Валентина Олександрівна,чоловіча,y18-39,93
Головко Валентина Олександрівна,чоловіча,y40-64,209
Головко Валентина Олександрівна,чоловіча,y65+,232
Горбатенко Олена Олександрівна,жіноча,y18-39,399
Горбатенко Олена Олександрівна,жіноча,y40-64,833
Горбатенко Олена Олександрівна,жіноча,y65+,877
Горбатенко Олена Олександрівна,чоловіча,y6-17,6
Горбатенко Олена Олександрівна,чоловіча,y18-39,379
Горбатенко Олена Олександрівна,чоловіча,y40-64,744
Горбатенко Олена Олександрівна,чоловіча,y65+,254
Гордієнко Тетяна Юріївна,жіноча,y18-39,10
Гордієнко Тетяна Юріївна,жіноча,y40-64,7
Гордієнко Тетяна Юріївна,жіноча,y65+,8
Гордієнко Тетяна Юріївна,чоловіча,y18-39,8
Гордієнко Тетяна Юріївна,чоловіча,y40-64,5
Гордієнко Тетяна Юріївна,чоловіча,y65+,1
Городничий Г.Г.,жіноча,y0-5,1
Городничий Г.Г.,жіноча,y6-17,1
Городничий Г.Г.,жіноча,y18-39,115
Городничий Г.Г.,жіноча,y40-64,261
Городничий Г.Г.,жіноча,y65+,470
Городничий Г.Г.,чоловіча,y18-39,135
Городничий Г.Г.,чоловіча,y40-64,275
Городничий Г.Г.,чоловіча,y65+,190
Григорова Ірина Димирівна,жіноча,y6-17,3
Григорова Ірина Димирівна,жіноча,y18-39,636
Григорова Ірина Димирівна,жіноча,y40-64,983
Григорова Ірина Димирівна,жіноча,y65+,812
Григорова Ірина Димирівна,чоловіча,y18-39,653
Григорова Ірина Димирівна,чоловіча,y40-64,702
Григорова Ірина Димирівна,чоловіча,y65+,261
Грицай Л.В.,жіноча,y0-5,973
Грицай Л.В.,жіноча,y6-17,1338
Грицай Л.В.,жіноча,y18-39,2
Грицай Л.В.,жіноча,y65+,1
Грицай Л.В.,чоловіча,y0-5,1108
Грицай Л.В.,чоловіча,y6-17,1328
Грицай Л.В.,чоловіча,y18-39,3
Губенко Людмила Порфирівна,жіноча,y0-5,1
Губенко Людмила Порфирівна,жіноча,y6-17,11
Губенко Людмила Порфирівна,жіноча,y18-39,310
Губенко Людмила Порфирівна,жіноча,y40-64,842
Губенко Людмила Порфирівна,жіноча,y65+,1303
Губенко Людмила Порфирівна,чоловіча,y6-17,7
Губенко Людмила Порфирівна,чоловіча,y18-39,447
Губенко Людмила Порфирівна,чоловіча,y40-64,543
Губенко Людмила Порфирівна,чоловіча,y65+,522
Гугулі Ганна Петрівна,жіноча,y0-5,30
Гугулі Ганна Петрівна,жіноча,y6-17,423
Гугулі Ганна Петрівна,жіноча,y18-39,380
Гугулі Ганна Петрівна,жіноча,y40-64,1321
Гугулі Ганна Петрівна,жіноча,y65+,1017
Гугулі Ганна Петрівна,чоловіча,y0-5,48
Гугулі Ганна Петрівна,чоловіча,y6-17,483
Гугулі Ганна Петрівна,чоловіча,y18-39,571
Гугулі Ганна Петрівна,чоловіча,y40-64,809
Гугулі Ганна Петрівна,чоловіча,y65+,467
Гуров Ігор Валентинович,жіноча,y0-5,80
Гуров Ігор Валентинович,жіноча,y6-17,245
Гуров Ігор Валентинович,жіноча,y18-39,7
Гуров Ігор Валентинович,жіноча,y40-64,12
Гуров Ігор Валентинович,жіноча,y65+,8
Гуров Ігор Валентинович,чоловіча,y0-5,73
Гуров Ігор Валентинович,чоловіча,y6-17,265
Гуров Ігор Валентинович,чоловіча,y18-39,2
Гуров Ігор Валентинович,чоловіча,y40-64,2
Гутнік Наталія Олександрівна,жіноча,y0-5,87
Гутнік Наталія Олександрівна,жіноча,y6-17,175
Гутнік Наталія Олександрівна,жіноча,y18-39,7
Гутнік Наталія Олександрівна,чоловіча,y0-5,130
Гутнік Наталія Олександрівна,чоловіча,y6-17,185
Давіденко Надія Дмитрівна,жіноча,y6-17,5
Давіденко Надія Дмитрівна,жіноча,y18-39,219
Давіденко Надія Дмитрівна,жіноча,y40-64,655
Давіденко Надія Дмитрівна,жіноча,y65+,747
Давіденко Надія Дмитрівна,чоловіча,y6-17,1
Давіденко Надія Дмитрівна,чоловіча,y18-39,152
Давіденко Надія Дмитрівна,чоловіча,y40-64,381
Давіденко Надія Дмитрівна,чоловіча,y65+,270
Данилова Олена Юріївна,жіноча,y6-17,1
Данилова Олена Юріївна,жіноча,y18-39,18
Данилова Олена Юріївна,жіноча,y40-64,26
Данилова Олена Юріївна,жіноча,y65+,33
Данилова Олена Юріївна,чоловіча,y18-39,10
Данилова Олена Юріївна,чоловіча,y40-64,17
Данилова Олена Юріївна,чоловіча,y65+,13
Даренська Вікторія Леонідівна,жіноча,y18-39,119
Даренська Вікторія Леонідівна,жіноча,y40-64,229
Даренська Вікторія Леонідівна,жіноча,y65+,185
Даренська Вікторія Леонідівна,чоловіча,y18-39,108
Даренська Вікторія Леонідівна,чоловіча,y40-64,121
Даренська Вікторія Леонідівна,чоловіча,y65+,39
Девята Світлана Леонідівна,жіноча,y0-5,3
Девята Світлана Леонідівна,жіноча,y6-17,7
Девята Світлана Леонідівна,жіноча,y18-39,346
Девята Світлана Леонідівна,жіноча,y40-64,602
Девята Світлана Леонідівна,жіноча,y65+,630
Девята Світлана Леонідівна,чоловіча,y0-5,1
Девята Світлана Леонідівна,чоловіча,y6-17,10
Девята Світлана Леонідівна,чоловіча,y18-39,545
Девята Світлана Леонідівна,чоловіча,y40-64,433
Девята Світлана Леонідівна,чоловіча,y65+,299
Джалалова Неоніла Іллівна,жіноча,y18-39,509
Джалалова Неоніла Іллівна,жіноча,y40-64,735
Джалалова Неоніла Іллівна,жіноча,y65+,771
Джалалова Неоніла Іллівна,чоловіча,y6-17,4
Джалалова Неоніла Іллівна,чоловіча,y18-39,603
Джалалова Неоніла Іллівна,чоловіча,y40-64,575
Джалалова Неоніла Іллівна,чоловіча,y65+,322
Джалтир Микола Пантелійович,жіноча,y18-39,569
Джалтир Микола Пантелійович,жіноча,y40-64,960
Джалтир Микола Пантелійович,жіноча,y65+,1121
Джалтир Микола Пантелійович,чоловіча,y18-39,535
Джалтир Микола Пантелійович,чоловіча,y40-64,579
Джалтир Микола Пантелійович,чоловіча,y65+,482
Дмитренко Віталіна Сергіївна,жіноча,y0-5,29
Дмитренко Віталіна Сергіївна,жіноча,y6-17,126
Дмитренко Віталіна Сергіївна,чоловіча,y0-5,15
Дмитренко Віталіна Сергіївна,чоловіча,y6-17,99
Довгополова Анна Олексіївна,жіноча,y18-39,56
Довгополова Анна Олексіївна,жіноча,y40-64,69
Довгополова Анна Олексіївна,жіноча,y65+,35
Довгополова Анна Олексіївна,чоловіча,y18-39,35
Довгополова Анна Олексіївна,чоловіча,y40-64,42
Довгополова Анна Олексіївна,чоловіча,y65+,29
Долженко Ірина Олександрівна,жіноча,y0-5,231
Долженко Ірина Олександрівна,жіноча,y6-17,216
Долженко Ірина Олександрівна,чоловіча,y0-5,464
Долженко Ірина Олександрівна,чоловіча,y6-17,359
Долженко Ірина Олександрівна,чоловіча,y18-39,14
Долженко Ірина Олександрівна,чоловіча,y40-64,1
Донбай Наталя Володимирівна,жіноча,y6-17,1
Донбай Наталя Володимирівна,жіноча,y18-39,357
Донбай Наталя Володимирівна,жіноча,y40-64,1175
Донбай Наталя Володимирівна,жіноча,y65+,1387
Донбай Наталя Володимирівна,чоловіча,y6-17,1
Донбай Наталя Володимирівна,чоловіча,y18-39,215
Донбай Наталя Володимирівна,чоловіча,y40-64,500
Донбай Наталя Володимирівна,чоловіча,y65+,544
Дорошенко Сергій Володимирович,жіноча,y0-5,265
Дорошенко Сергій Володимирович,жіноча,y6-17,499
Дорошенко Сергій Володимирович,чоловіча,y0-5,324
Дорошенко Сергій Володимирович,чоловіча,y6-17,659
Дорошенко Сергій Володимирович,чоловіча,y18-39,1
Дорошенко Сергій Володимирович,чоловіча,y40-64,1
Душа Тетяна Володимирівна,жіноча,y18-39,126
Душа Тетяна Володимирівна,жіноча,y40-64,352
Душа Тетяна Володимирівна,жіноча,y65+,320
Душа Тетяна Володимирівна,чоловіча,y6-17,1
Душа Тетяна Володимирівна,чоловіча,y18-39,114
Душа Тетяна Володимирівна,чоловіча,y40-64,200
Душа Тетяна Володимирівна,чоловіча,y65+,130
Дяченко Алла Олександрівна,жіноча,y0-5,1012
Дяченко Алла Олександрівна,жіноча,y6-17,1239
Дяченко Алла Олександрівна,жіноча,y18-39,2
Дяченко Алла Олександрівна,чоловіча,y0-5,999
Дяченко Алла Олександрівна,чоловіча,y6-17,1231
Жгарь Володимир Леонідович,жіноча,y0-5,357
Жгарь Володимир Леонідович,жіноча,y6-17,510
Жгарь Володимир Леонідович,жіноча,y18-39,79
Жгарь Володимир Леонідович,жіноча,y40-64,32
Жгарь Володимир Леонідович,жіноча,y65+,5
Жгарь Володимир Леонідович,чоловіча,y0-5,436
Жгарь Володимир Леонідович,чоловіча,y6-17,662
Жгарь Володимир Леонідович,чоловіча,y18-39,63
Жгарь Володимир Леонідович,чоловіча,y40-64,47
Зайцева Ірина Володимирівна,жіноча,y6-17,10
Зайцева Ірина Володимирівна,жіноча,y18-39,391
Зайцева Ірина Володимирівна,жіноча,y40-64,1072
Зайцева Ірина Володимирівна,жіноча,y65+,1027
Зайцева Ірина Володимирівна,чоловіча,y0-5,2
Зайцева Ірина Володимирівна,чоловіча,y6-17,4
Зайцева Ірина Володимирівна,чоловіча,y18-39,471
Зайцева Ірина Володимирівна,чоловіча,y40-64,619
Зайцева Ірина Володимирівна,чоловіча,y65+,458
Звонарьова А.Т.,жіноча,y6-17,3
Звонарьова А.Т.,жіноча,y18-39,365
Звонарьова А.Т.,жіноча,y40-64,779
Звонарьова А.Т.,жіноча,y65+,914
Звонарьова А.Т.,чоловіча,y6-17,1
Звонарьова А.Т.,чоловіча,y18-39,378
Звонарьова А.Т.,чоловіча,y40-64,548
Звонарьова А.Т.,чоловіча,y65+,356
Землякова Анжела Викторівна,жіноча,y18-39,197
Землякова Анжела Викторівна,жіноча,y40-64,556
Землякова Анжела Викторівна,жіноча,y65+,586
Землякова Анжела Викторівна,чоловіча,y6-17,1
Землякова Анжела Викторівна,чоловіча,y18-39,216
Землякова Анжела Викторівна,чоловіча,y40-64,368
Землякова Анжела Викторівна,чоловіча,y65+,257
Земляна Галина Сергіївна,жіноча,y18-39,200
Земляна Галина Сергіївна,жіноча,y40-64,596
Земляна Галина Сергіївна,жіноча,y65+,900
Земляна Галина Сергіївна,чоловіча,y18-39,254
Земляна Галина Сергіївна,чоловіча,y40-64,426
Земляна Галина Сергіївна,чоловіча,y65+,193
Злобіна Анжела В`ячеславівна,жіноча,y0-5,526
Злобіна Анжела В`ячеславівна,жіноча,y6-17,705
Злобіна Анжела В`ячеславівна,жіноча,y18-39,10
Злобіна Анжела В`ячеславівна,жіноча,y40-64,5
Злобіна Анжела В`ячеславівна,чоловіча,y0-5,486
Злобіна Анжела В`ячеславівна,чоловіча,y6-17,811
Злобіна Анжела В`ячеславівна,чоловіча,y18-39,12
Злобіна Анжела В`ячеславівна,чоловіча,y40-64,6
Золотарьова Ольга Вікторівна,жіноча,y0-5,495
Золотарьова Ольга Вікторівна,жіноча,y6-17,643
Золотарьова Ольга Вікторівна,жіноча,y18-39,3
Золотарьова Ольга Вікторівна,жіноча,y40-64,1
Золотарьова Ольга Вікторівна,чоловіча,y0-5,492
Золотарьова Ольга Вікторівна,чоловіча,y6-17,704
Зотов Артем Олексійович,жіноча,y18-39,177
Зотов Артем Олексійович,жіноча,y40-64,355
Зотов Артем Олексійович,жіноча,y65+,242
Зотов Артем Олексійович,чоловіча,y18-39,322
Зотов Артем Олексійович,чоловіча,y40-64,361
Зотов Артем Олексійович,чоловіча,y65+,117
Зіракашвілі Л.І.,жіноча,y6-17,3
Зіракашвілі Л.І.,жіноча,y18-39,422
Зіракашвілі Л.І.,жіноча,y40-64,975
Зіракашвілі Л.І.,жіноча,y65+,856
Зіракашвілі Л.І.,чоловіча,y6-17,1
Зіракашвілі Л.І.,чоловіча,y18-39,412
Зіракашвілі Л.І.,чоловіча,y40-64,771
Зіракашвілі Л.І.,чоловіча,y65+,298
Кайс Ніна Дорофеївна,жіноча,y18-39,403
Кайс Ніна Дорофеївна,жіноча,y40-64,806
Кайс Ніна Дорофеївна,жіноча,y65+,697
Кайс Ніна Дорофеївна,чоловіча,y6-17,2
Кайс Ніна Дорофеївна,чоловіча,y18-39,374
Кайс Ніна Дорофеївна,чоловіча,y40-64,535
Кайс Ніна Дорофеївна,чоловіча,y65+,274
Каленова Наталія Василівна,жіноча,y0-5,624
Каленова Наталія Василівна,жіноча,y6-17,2029
Каленова Наталія Василівна,жіноча,y18-39,11
Каленова Наталія Василівна,жіноча,y40-64,3
Каленова Наталія Василівна,чоловіча,y0-5,2
Каленова Наталія Василівна,чоловіча,y6-17,6
Калугіна Тамара Костянтинівна,жіноча,y0-5,1
Калугіна Тамара Костянтинівна,жіноча,y6-17,1
Калугіна Тамара Костянтинівна,жіноча,y18-39,233
Калугіна Тамара Костянтинівна,жіноча,y40-64,522
Калугіна Тамара Костянтинівна,жіноча,y65+,732
Калугіна Тамара Костянтинівна,чоловіча,y18-39,254
Калугіна Тамара Костянтинівна,чоловіча,y40-64,414
Калугіна Тамара Костянтинівна,чоловіча,y65+,262
Кандибка Ірина Віталіївна,жіноча,y6-17,4
Кандибка Ірина Віталіївна,жіноча,y18-39,571
Кандибка Ірина Віталіївна,жіноча,y40-64,1419
Кандибка Ірина Віталіївна,жіноча,y65+,1585
Кандибка Ірина Віталіївна,чоловіча,y6-17,4
Кандибка Ірина Віталіївна,чоловіча,y18-39,846
Кандибка Ірина Віталіївна,чоловіча,y40-64,1084
Кандибка Ірина Віталіївна,чоловіча,y65+,657
Кандудіна Любов Іларіонівна,жіноча,y6-17,13
Кандудіна Любов Іларіонівна,жіноча,y18-39,417
Кандудіна Любов Іларіонівна,жіноча,y40-64,1138
Кандудіна Любов Іларіонівна,жіноча,y65+,1294
Кандудіна Любов Іларіонівна,чоловіча,y6-17,2
Кандудіна Любов Іларіонівна,чоловіча,y18-39,613
Кандудіна Любов Іларіонівна,чоловіча,y40-64,708
Кандудіна Любов Іларіонівна,чоловіча,y65+,366
Капліна Ольга Андріївна,жіноча,y18-39,285
Капліна Ольга Андріївна,жіноча,y40-64,916
Капліна Ольга Андріївна,жіноча,y65+,969
Капліна Ольга Андріївна,чоловіча,y18-39,340
Капліна Ольга Андріївна,чоловіча,y40-64,657
Капліна Ольга Андріївна,чоловіча,y65+,277
Капралов Геннадій Васильович,жіноча,y0-5,1
Капралов Геннадій Васильович,жіноча,y18-39,502
Капралов Геннадій Васильович,жіноча,y40-64,897
Капралов Геннадій Васильович,жіноча,y65+,403
Капралов Геннадій Васильович,чоловіча,y6-17,11
Капралов Геннадій Васильович,чоловіча,y18-39,957
Капралов Геннадій Васильович,чоловіча,y40-64,1137
Капралов Геннадій Васильович,чоловіча,y65+,136
Каравська Ольга Олександрівна,жіноча,y18-39,9
Каравська Ольга Олександрівна,жіноча,y40-64,24
Каравська Ольга Олександрівна,жіноча,y65+,3
Каравська Ольга Олександрівна,чоловіча,y18-39,19
Каравська Ольга Олександрівна,чоловіча,y40-64,24
Каравська Ольга Олександрівна,чоловіча,y65+,1
Картечева Наталля Анатоліївна,жіноча,y0-5,281
Картечева Наталля Анатоліївна,жіноча,y6-17,245
Картечева Наталля Анатоліївна,жіноча,y18-39,3
Картечева Наталля Анатоліївна,жіноча,y40-64,1
Картечева Наталля Анатоліївна,чоловіча,y0-5,230
Картечева Наталля Анатоліївна,чоловіча,y6-17,237
Картєчева Нат.А.,жіноча,y6-17,6
Картєчева Нат.А.,жіноча,y18-39,203
Картєчева Нат.А.,жіноча,y40-64,424
Картєчева Нат.А.,жіноча,y65+,350
Картєчева Нат.А.,чоловіча,y18-39,249
Картєчева Нат.А.,чоловіча,y40-64,381
Картєчева Нат.А.,чоловіча,y65+,138
Кас'янова Лариса Олександрівна,жіноча,y6-17,3
Кас'янова Лариса Олександрівна,жіноча,y18-39,364
Кас'янова Лариса Олександрівна,жіноча,y40-64,969
Кас'янова Лариса Олександрівна,жіноча,y65+,1387
Кас'янова Лариса Олександрівна,чоловіча,y6-17,6
Кас'янова Лариса Олександрівна,чоловіча,y18-39,424
Кас'янова Лариса Олександрівна,чоловіча,y40-64,820
Кас'янова Лариса Олександрівна,чоловіча,y65+,529
Касьян Л.В.,жіноча,y18-39,3
Касьян Л.В.,жіноча,y40-64,7
Касьян Л.В.,жіноча,y65+,3
Касьян Л.В.,чоловіча,y18-39,6
Касьян Л.В.,чоловіча,y40-64,7
Качан Максим Борисович,жіноча,y6-17,2
Качан Максим Борисович,жіноча,y18-39,275
Качан Максим Борисович,жіноча,y40-64,606
Качан Максим Борисович,жіноча,y65+,415
Качан Максим Борисович,чоловіча,y6-17,3
Качан Максим Борисович,чоловіча,y18-39,312
Качан Максим Борисович,чоловіча,y40-64,568
Качан Максим Борисович,чоловіча,y65+,187
Квітковська Тамара Василівна,жіноча,y0-5,373
Квітковська Тамара Василівна,жіноча,y6-17,842
Квітковська Тамара Василівна,жіноча,y18-39,2
Квітковська Тамара Василівна,жіноча,y40-64,1
Квітковська Тамара Василівна,чоловіча,y0-5,465
Квітковська Тамара Василівна,чоловіча,y6-17,915
Квітковська Тамара Василівна,чоловіча,y18-39,1
Квітковська Тамара Василівна,чоловіча,y40-64,1
Квітковська Тамара Василівна,чоловіча,y65+,1
Климович Людмила Анатоліївна,жіноча,y18-39,463
Климович Людмила Анатоліївна,жіноча,y40-64,896
Климович Людмила Анатоліївна,жіноча,y65+,1238
Климович Людмила Анатоліївна,чоловіча,y18-39,398
Климович Людмила Анатоліївна,чоловіча,y40-64,618
Климович Людмила Анатоліївна,чоловіча,y65+,423
Кобаль Тетяна  Іванівна,жіноча,y0-5,225
Кобаль Тетяна  Іванівна,жіноча,y6-17,1420
Кобаль Тетяна  Іванівна,жіноча,y18-39,4
Кобаль Тетяна  Іванівна,чоловіча,y0-5,197
Кобаль Тетяна  Іванівна,чоловіча,y6-17,1251
Кобаль Тетяна  Іванівна,чоловіча,y18-39,3
Кобаль Тетяна  Іванівна,чоловіча,y40-64,1
Кобзар Ірина Вікторівна,жіноча,y0-5,237
Кобзар Ірина Вікторівна,жіноча,y6-17,679
Кобзар Ірина Вікторівна,жіноча,y18-39,15
Кобзар Ірина Вікторівна,жіноча,y40-64,62
Кобзар Ірина Вікторівна,жіноча,y65+,19
Кобзар Ірина Вікторівна,чоловіча,y0-5,234
Кобзар Ірина Вікторівна,чоловіча,y6-17,881
Кобзар Ірина Вікторівна,чоловіча,y18-39,1
Кобзар Ірина Вікторівна,чоловіча,y40-64,5
Кобзар Ірина Вікторівна,чоловіча,y65+,3
Ковальчук Олена Василівна,жіноча,y6-17,3
Ковальчук Олена Василівна,жіноча,y18-39,214
Ковальчук Олена Василівна,жіноча,y40-64,735
Ковальчук Олена Василівна,жіноча,y65+,947
Ковальчук Олена Василівна,чоловіча,y18-39,137
Ковальчук Олена Василівна,чоловіча,y40-64,305
Ковальчук Олена Василівна,чоловіча,y65+,348
Козленко Михайло Павлович,жіноча,y0-5,226
Козленко Михайло Павлович,жіноча,y6-17,249
Козленко Михайло Павлович,жіноча,y18-39,2
Козленко Михайло Павлович,жіноча,y40-64,2
Козленко Михайло Павлович,чоловіча,y0-5,258
Козленко Михайло Павлович,чоловіча,y6-17,359
Козленко Михайло Павлович,чоловіча,y18-39,1
Козленко Михайло Павлович,чоловіча,y40-64,1
Колібаба Світлана Анатоліївна,жіноча,y0-5,600
Колібаба Світлана Анатоліївна,жіноча,y6-17,996
Колібаба Світлана Анатоліївна,жіноча,y18-39,1
Колібаба Світлана Анатоліївна,жіноча,y40-64,2
Колібаба Світлана Анатоліївна,жіноча,y65+,2
Колібаба Світлана Анатоліївна,чоловіча,y0-5,663
Колібаба Світлана Анатоліївна,чоловіча,y6-17,1151
Колібаба Світлана Анатоліївна,чоловіча,y18-39,4
Компанченко Світлана Миколаївна,жіноча,y6-17,1
Компанченко Світлана Миколаївна,жіноча,y18-39,296
Компанченко Світлана Миколаївна,жіноча,y40-64,831
Компанченко Світлана Миколаївна,жіноча,y65+,1088
Компанченко Світлана Миколаївна,чоловіча,y18-39,293
Компанченко Світлана Миколаївна,чоловіча,y40-64,476
Компанченко Світлана Миколаївна,чоловіча,y65+,263
Кондур Альона Миколаївна,жіноча,y18-39,235
Кондур Альона Миколаївна,жіноча,y40-64,689
Кондур Альона Миколаївна,жіноча,y65+,990
Кондур Альона Миколаївна,чоловіча,y18-39,172
Кондур Альона Миколаївна,чоловіча,y40-64,347
Кондур Альона Миколаївна,чоловіча,y65+,423
Константинова Наталя Володимирівна,жіноча,y0-5,1502
Константинова Наталя Володимирівна,жіноча,y6-17,1494
Константинова Наталя Володимирівна,жіноча,y18-39,1
Константинова Наталя Володимирівна,чоловіча,y0-5,1299
Константинова Наталя Володимирівна,чоловіча,y6-17,1519
Константинова Наталя Володимирівна,чоловіча,y18-39,5
Константинова Наталя Володимирівна,чоловіча,y40-64,1
Константинова Наталя Володимирівна,чоловіча,y65+,2
Коптєва Надія Михайлівна,жіноча,y0-5,498
Коптєва Надія Михайлівна,жіноча,y6-17,656
Коптєва Надія Михайлівна,жіноча,y18-39,3
Коптєва Надія Михайлівна,чоловіча,y0-5,587
Коптєва Надія Михайлівна,чоловіча,y6-17,519
Коптєва Надія Михайлівна,чоловіча,y18-39,3
Коровіна Галина Вікторівна,жіноча,y0-5,125
Коровіна Галина Вікторівна,жіноча,y6-17,254
Коровіна Галина Вікторівна,жіноча,y18-39,1
Коровіна Галина Вікторівна,чоловіча,y0-5,122
Коровіна Галина Вікторівна,чоловіча,y6-17,270
Коровіна Галина Вікторівна,чоловіча,y18-39,1
Король Вікторія Юріївна,жіноча,y0-5,799
Король Вікторія Юріївна,жіноча,y6-17,2209
Король Вікторія Юріївна,жіноча,y18-39,5
Король Вікторія Юріївна,жіноча,y40-64,4
Король Вікторія Юріївна,жіноча,y65+,2
Король Вікторія Юріївна,чоловіча,y0-5,907
Король Вікторія Юріївна,чоловіча,y6-17,3086
Король Вікторія Юріївна,чоловіча,y18-39,2
Король Вікторія Юріївна,чоловіча,y40-64,2
Корольова  Тетяна Олександрівна,жіноча,y0-5,700
Корольова  Тетяна Олександрівна,жіноча,y6-17,937
Корольова  Тетяна Олександрівна,чоловіча,y0-5,750
Корольова  Тетяна Олександрівна,чоловіча,y6-17,1220
Корольова  Тетяна Олександрівна,чоловіча,y18-39,3
Корольова  Тетяна Олександрівна,чоловіча,y40-64,1
Корчомака А.В.,жіноча,y6-17,16
Корчомака А.В.,жіноча,y18-39,452
Корчомака А.В.,жіноча,y40-64,966
Корчомака А.В.,жіноча,y65+,962
Корчомака А.В.,чоловіча,y6-17,15
Корчомака А.В.,чоловіча,y18-39,606
Корчомака А.В.,чоловіча,y40-64,773
Корчомака А.В.,чоловіча,y65+,271
Косяченко Алла Олександрівна,жіноча,y0-5,892
Косяченко Алла Олександрівна,жіноча,y6-17,1238
Косяченко Алла Олександрівна,жіноча,y18-39,10
Косяченко Алла Олександрівна,жіноча,y40-64,1
Косяченко Алла Олександрівна,жіноча,y65+,1
Косяченко Алла Олександрівна,чоловіча,y0-5,979
Косяченко Алла Олександрівна,чоловіча,y6-17,1232
Косяченко Алла Олександрівна,чоловіча,y18-39,4
Косяченко Алла Олександрівна,чоловіча,y40-64,1
Крамаренко Ірина  Евгенівна,жіноча,y0-5,48
Крамаренко Ірина  Евгенівна,жіноча,y6-17,98
Крамаренко Ірина  Евгенівна,жіноча,y18-39,2
Крамаренко Ірина  Евгенівна,чоловіча,y0-5,23
Крамаренко Ірина  Евгенівна,чоловіча,y6-17,64
Краснікова Валентина Миколаївна,жіноча,y18-39,194
Краснікова Валентина Миколаївна,жіноча,y40-64,361
Краснікова Валентина Миколаївна,жіноча,y65+,734
Краснікова Валентина Миколаївна,чоловіча,y18-39,189
Краснікова Валентина Миколаївна,чоловіча,y40-64,266
Краснікова Валентина Миколаївна,чоловіча,y65+,243
Кривобок Валентина Мінівна,жіноча,y0-5,338
Кривобок Валентина Мінівна,жіноча,y6-17,510
Кривобок Валентина Мінівна,чоловіча,y0-5,392
Кривобок Валентина Мінівна,чоловіча,y6-17,533
Кривобок Валентина Мінівна,чоловіча,y18-39,2
Крижановська Валентина Миколаївна,жіноча,y0-5,1
Крижановська Валентина Миколаївна,жіноча,y6-17,2
Крижановська Валентина Миколаївна,жіноча,y18-39,525
Крижановська Валентина Миколаївна,жіноча,y40-64,1109
Крижановська Валентина Миколаївна,жіноча,y65+,641
Крижановська Валентина Миколаївна,чоловіча,y6-17,2
Крижановська Валентина Миколаївна,чоловіча,y18-39,598
Крижановська Валентина Миколаївна,чоловіча,y40-64,732
Крижановська Валентина Миколаївна,чоловіча,y65+,249
Кукуш Олена Василівна,жіноча,y18-39,455
Кукуш Олена Василівна,жіноча,y40-64,1124
Кукуш Олена Василівна,жіноча,y65+,1001
Кукуш Олена Василівна,чоловіча,y18-39,357
Кукуш Олена Василівна,чоловіча,y40-64,634
Кукуш Олена Василівна,чоловіча,y65+,443
Курчін Ігор Валерійович,жіноча,y6-17,2
Курчін Ігор Валерійович,жіноча,y18-39,16
Курчін Ігор Валерійович,жіноча,y40-64,44
Курчін Ігор Валерійович,жіноча,y65+,20
Курчін Ігор Валерійович,чоловіча,y18-39,32
Курчін Ігор Валерійович,чоловіча,y40-64,41
Курчін Ігор Валерійович,чоловіча,y65+,8
Кіктєва О.М.,жіноча,y6-17,1
Кіктєва О.М.,жіноча,y18-39,351
Кіктєва О.М.,жіноча,y40-64,705
Кіктєва О.М.,жіноча,y65+,1055
Кіктєва О.М.,чоловіча,y18-39,389
Кіктєва О.М.,чоловіча,y40-64,495
Кіктєва О.М.,чоловіча,y65+,364
Кіслова Валентина Трохимівна,жіноча,y18-39,364
Кіслова Валентина Трохимівна,жіноча,y40-64,550
Кіслова Валентина Трохимівна,жіноча,y65+,654
Кіслова Валентина Трохимівна,чоловіча,y6-17,1
Кіслова Валентина Трохимівна,чоловіча,y18-39,328
Кіслова Валентина Трохимівна,чоловіча,y40-64,418
Кіслова Валентина Трохимівна,чоловіча,y65+,251
Ладік Т.В.,жіноча,y0-5,1379
Ладік Т.В.,жіноча,y6-17,1624
Ладік Т.В.,жіноча,y18-39,19
Ладік Т.В.,жіноча,y40-64,3
Ладік Т.В.,жіноча,y65+,8
Ладік Т.В.,чоловіча,y0-5,1200
Ладік Т.В.,чоловіча,y6-17,1452
Ладік Т.В.,чоловіча,y18-39,2
Ладік Т.В.,чоловіча,y40-64,1
Ларіонов В'ячеслав Іванович,жіноча,y0-5,96
Ларіонов В'ячеслав Іванович,жіноча,y6-17,315
Ларіонов В'ячеслав Іванович,жіноча,y18-39,29
Ларіонов В'ячеслав Іванович,жіноча,y40-64,70
Ларіонов В'ячеслав Іванович,жіноча,y65+,17
Ларіонов В'ячеслав Іванович,чоловіча,y0-5,112
Ларіонов В'ячеслав Іванович,чоловіча,y6-17,374
Ларіонов В'ячеслав Іванович,чоловіча,y18-39,2
Ларіонов В'ячеслав Іванович,чоловіча,y40-64,2
Ларіонов В'ячеслав Іванович,чоловіча,y65+,3
Латиш Валерія Адріївна,жіноча,y6-17,1
Латиш Валерія Адріївна,жіноча,y18-39,506
Латиш Валерія Адріївна,жіноча,y40-64,1187
Латиш Валерія Адріївна,жіноча,y65+,1290
Латиш Валерія Адріївна,чоловіча,y6-17,1
Латиш Валерія Адріївна,чоловіча,y18-39,860
Латиш Валерія Адріївна,чоловіча,y40-64,975
Латиш Валерія Адріївна,чоловіча,y65+,535
Левадний Олег Валентинович,жіноча,y0-5,452
Левадний Олег Валентинович,жіноча,y6-17,1088
Левадний Олег Валентинович,жіноча,y18-39,470
Левадний Олег Валентинович,жіноча,y40-64,781
Левадний Олег Валентинович,жіноча,y65+,471
Левадний Олег Валентинович,чоловіча,y0-5,401
Левадний Олег Валентинович,чоловіча,y6-17,1115
Левадний Олег Валентинович,чоловіча,y18-39,890
Левадний Олег Валентинович,чоловіча,y40-64,1084
Левадний Олег Валентинович,чоловіча,y65+,233
Леонідова  Н.Ф.,жіноча,y6-17,1
Леонідова  Н.Ф.,жіноча,y18-39,499
Леонідова  Н.Ф.,жіноча,y40-64,894
Леонідова  Н.Ф.,жіноча,y65+,896
Леонідова  Н.Ф.,чоловіча,y6-17,1
Леонідова  Н.Ф.,чоловіча,y18-39,461
Леонідова  Н.Ф.,чоловіча,y40-64,797
Леонідова  Н.Ф.,чоловіча,y65+,518
Лижіна Евіліна Вікторівна,жіноча,y6-17,4
Лижіна Евіліна Вікторівна,жіноча,y18-39,496
Лижіна Евіліна Вікторівна,жіноча,y40-64,1146
Лижіна Евіліна Вікторівна,жіноча,y65+,908
Лижіна Евіліна Вікторівна,чоловіча,y0-5,5
Лижіна Евіліна Вікторівна,чоловіча,y6-17,3
Лижіна Евіліна Вікторівна,чоловіча,y18-39,406
Лижіна Евіліна Вікторівна,чоловіча,y40-64,744
Лижіна Евіліна Вікторівна,чоловіча,y65+,345
Липченко Софія Віталіївна,жіноча,y0-5,337
Липченко Софія Віталіївна,жіноча,y6-17,611
Липченко Софія Віталіївна,жіноча,y65+,2
Липченко Софія Віталіївна,чоловіча,y0-5,303
Липченко Софія Віталіївна,чоловіча,y6-17,737
Лисенко Людмила Григорівна,жіноча,y0-5,2
Лисенко Людмила Григорівна,жіноча,y6-17,1
Лисенко Людмила Григорівна,жіноча,y18-39,290
Лисенко Людмила Григорівна,жіноча,y40-64,808
Лисенко Людмила Григорівна,жіноча,y65+,896
Лисенко Людмила Григорівна,чоловіча,y18-39,283
Лисенко Людмила Григорівна,чоловіча,y40-64,500
Лисенко Людмила Григорівна,чоловіча,y65+,327
Литвиненко Інна Георгіївна,жіноча,y18-39,360
Литвиненко Інна Георгіївна,жіноча,y40-64,826
Литвиненко Інна Георгіївна,жіноча,y65+,661
Литвиненко Інна Георгіївна,чоловіча,y18-39,347
Литвиненко Інна Георгіївна,чоловіча,y40-64,547
Литвиненко Інна Георгіївна,чоловіча,y65+,252
Литвиненко Лідія Констянтинівна,жіноча,y0-5,933
Литвиненко Лідія Констянтинівна,жіноча,y6-17,1376
Литвиненко Лідія Констянтинівна,жіноча,y18-39,3
Литвиненко Лідія Констянтинівна,жіноча,y40-64,2
Литвиненко Лідія Констянтинівна,чоловіча,y0-5,1153
Литвиненко Лідія Констянтинівна,чоловіча,y6-17,1762
Литвиненко Лідія Констянтинівна,чоловіча,y18-39,3
Литвиненко Лідія Констянтинівна,чоловіча,y65+,2
Лук`янов С.О.,жіноча,y0-5,15
Лук`янов С.О.,жіноча,y6-17,46
Лук`янов С.О.,жіноча,y18-39,488
Лук`янов С.О.,жіноча,y40-64,902
Лук`янов С.О.,жіноча,y65+,885
Лук`янов С.О.,чоловіча,y0-5,4
Лук`янов С.О.,чоловіча,y6-17,86
Лук`янов С.О.,чоловіча,y18-39,491
Лук`янов С.О.,чоловіча,y40-64,563
Лук`янов С.О.,чоловіча,y65+,343
Ліннікова Ольга Володимирівна,жіноча,y0-5,150
Ліннікова Ольга Володимирівна,жіноча,y6-17,567
Ліннікова Ольга Володимирівна,жіноча,y18-39,484
Ліннікова Ольга Володимирівна,жіноча,y40-64,984
Ліннікова Ольга Володимирівна,жіноча,y65+,663
Ліннікова Ольга Володимирівна,чоловіча,y0-5,169
Ліннікова Ольга Володимирівна,чоловіча,y6-17,666
Ліннікова Ольга Володимирівна,чоловіча,y18-39,562
Ліннікова Ольга Володимирівна,чоловіча,y40-64,672
Ліннікова Ольга Володимирівна,чоловіча,y65+,240
Літвінова Іраіда Миколаївна,жіноча,y18-39,377
Літвінова Іраіда Миколаївна,жіноча,y40-64,859
Літвінова Іраіда Миколаївна,жіноча,y65+,913
Літвінова Іраіда Миколаївна,чоловіча,y6-17,6
Літвінова Іраіда Миколаївна,чоловіча,y18-39,398
Літвінова Іраіда Миколаївна,чоловіча,y40-64,573
Літвінова Іраіда Миколаївна,чоловіча,y65+,415
Макаренко Лариса Сергіївна,жіноча,y0-5,455
Макаренко Лариса Сергіївна,жіноча,y6-17,506
Макаренко Лариса Сергіївна,жіноча,y18-39,1
Макаренко Лариса Сергіївна,чоловіча,y0-5,358
Макаренко Лариса Сергіївна,чоловіча,y6-17,486
Мараренко Ольга Анатоліївна,жіноча,y0-5,1489
Мараренко Ольга Анатоліївна,жіноча,y6-17,1514
Мараренко Ольга Анатоліївна,жіноча,y18-39,6
Мараренко Ольга Анатоліївна,жіноча,y40-64,2
Мараренко Ольга Анатоліївна,жіноча,y65+,14
Мараренко Ольга Анатоліївна,чоловіча,y0-5,1398
Мараренко Ольга Анатоліївна,чоловіча,y6-17,1570
Мараренко Ольга Анатоліївна,чоловіча,y18-39,2
Мараренко Ольга Анатоліївна,чоловіча,y40-64,9
Матях Лариса Тимофіївна,жіноча,y0-5,1
Матях Лариса Тимофіївна,жіноча,y6-17,5
Матях Лариса Тимофіївна,жіноча,y18-39,197
Матях Лариса Тимофіївна,жіноча,y40-64,398
Матях Лариса Тимофіївна,жіноча,y65+,290
Матях Лариса Тимофіївна,чоловіча,y6-17,3
Матях Лариса Тимофіївна,чоловіча,y18-39,171
Матях Лариса Тимофіївна,чоловіча,y40-64,217
Матях Лариса Тимофіївна,чоловіча,y65+,117
Миросіді Тетяна Юріївна,жіноча,y6-17,1
Миросіді Тетяна Юріївна,жіноча,y18-39,136
Миросіді Тетяна Юріївна,жіноча,y40-64,480
Миросіді Тетяна Юріївна,жіноча,y65+,981
Миросіді Тетяна Юріївна,чоловіча,y6-17,3
Миросіді Тетяна Юріївна,чоловіча,y18-39,92
Миросіді Тетяна Юріївна,чоловіча,y40-64,258
Миросіді Тетяна Юріївна,чоловіча,y65+,364
Митрофанова Віра Андріївна,жіноча,y18-39,183
Митрофанова Віра Андріївна,жіноча,y40-64,589
Митрофанова Віра Андріївна,жіноча,y65+,1063
Митрофанова Віра Андріївна,чоловіча,y6-17,1
Митрофанова Віра Андріївна,чоловіча,y18-39,103
Митрофанова Віра Андріївна,чоловіча,y40-64,318
Митрофанова Віра Андріївна,чоловіча,y65+,409
Михайленко Ірина Дмитрівна,жіноча,y6-17,12
Михайленко Ірина Дмитрівна,жіноча,y18-39,343
Михайленко Ірина Дмитрівна,жіноча,y40-64,922
Михайленко Ірина Дмитрівна,жіноча,y65+,1255
Михайленко Ірина Дмитрівна,чоловіча,y6-17,7
Михайленко Ірина Дмитрівна,чоловіча,y18-39,331
Михайленко Ірина Дмитрівна,чоловіча,y40-64,462
Михайленко Ірина Дмитрівна,чоловіча,y65+,437
Мороз Тетяна Павлівна,жіноча,y18-39,2
Мороз Тетяна Павлівна,жіноча,y40-64,8
Мороз Тетяна Павлівна,жіноча,y65+,3
Мороз Тетяна Павлівна,чоловіча,y18-39,7
Мороз Тетяна Павлівна,чоловіча,y40-64,16
Мороз Тетяна Павлівна,чоловіча,y65+,5
Морозова Олександра Володимирівна,жіноча,y18-39,220
Морозова Олександра Володимирівна,жіноча,y40-64,476
Морозова Олександра Володимирівна,жіноча,y65+,486
Морозова Олександра Володимирівна,чоловіча,y6-17,2
Морозова Олександра Володимирівна,чоловіча,y18-39,329
Морозова Олександра Володимирівна,чоловіча,y40-64,310
Морозова Олександра Володимирівна,чоловіча,y65+,229
Мотренко Людмила Володимирівна,жіноча,y18-39,414
Мотренко Людмила Володимирівна,жіноча,y40-64,1052
Мотренко Людмила Володимирівна,жіноча,y65+,1062
Мотренко Людмила Володимирівна,чоловіча,y6-17,2
Мотренко Людмила Володимирівна,чоловіча,y18-39,386
Мотренко Людмила Володимирівна,чоловіча,y40-64,671
Мотренко Людмила Володимирівна,чоловіча,y65+,388
Мудрий Олексій Олександрович,жіноча,y0-5,91
Мудрий Олексій Олександрович,жіноча,y6-17,147
Мудрий Олексій Олександрович,жіноча,y18-39,1
Мудрий Олексій Олександрович,чоловіча,y0-5,106
Мудрий Олексій Олександрович,чоловіча,y6-17,157
Мудрик Сергій Вікторович,жіноча,y6-17,2
Мудрик Сергій Вікторович,жіноча,y18-39,320
Мудрик Сергій Вікторович,жіноча,y40-64,754
Мудрик Сергій Вікторович,жіноча,y65+,571
Мудрик Сергій Вікторович,чоловіча,y0-5,2
Мудрик Сергій Вікторович,чоловіча,y6-17,4
Мудрик Сергій Вікторович,чоловіча,y18-39,644
Мудрик Сергій Вікторович,чоловіча,y40-64,709
Мудрик Сергій Вікторович,чоловіча,y65+,253
Муллер Раїса Олексіївна,жіноча,y6-17,8
Муллер Раїса Олексіївна,жіноча,y18-39,210
Муллер Раїса Олексіївна,жіноча,y40-64,425
Муллер Раїса Олексіївна,жіноча,y65+,311
Муллер Раїса Олексіївна,чоловіча,y6-17,11
Муллер Раїса Олексіївна,чоловіча,y18-39,186
Муллер Раїса Олексіївна,чоловіча,y40-64,265
Муллер Раїса Олексіївна,чоловіча,y65+,188
Мухотдінова Вероніка Сергіївна,жіноча,y0-5,1
Мухотдінова Вероніка Сергіївна,жіноча,y6-17,27
Мухотдінова Вероніка Сергіївна,жіноча,y18-39,757
Мухотдінова Вероніка Сергіївна,жіноча,y40-64,989
Мухотдінова Вероніка Сергіївна,жіноча,y65+,601
Мухотдінова Вероніка Сергіївна,чоловіча,y6-17,49
Мухотдінова Вероніка Сергіївна,чоловіча,y18-39,543
Мухотдінова Вероніка Сергіївна,чоловіча,y40-64,630
Мухотдінова Вероніка Сергіївна,чоловіча,y65+,281
Муштук Євген Ярославович ,жіноча,y6-17,3
Муштук Євген Ярославович ,жіноча,y18-39,770
Муштук Євген Ярославович ,жіноча,y40-64,1103
Муштук Євген Ярославович ,жіноча,y65+,1081
Муштук Євген Ярославович ,чоловіча,y18-39,798
Муштук Євген Ярославович ,чоловіча,y40-64,874
Муштук Євген Ярославович ,чоловіча,y65+,365
Мілейко Олена Сергіївна,жіноча,y0-5,63
Мілейко Олена Сергіївна,жіноча,y6-17,21
Мілейко Олена Сергіївна,чоловіча,y0-5,82
Мілейко Олена Сергіївна,чоловіча,y6-17,36
Мінін Констянтин Сергійович,жіноча,y6-17,5
Мінін Констянтин Сергійович,жіноча,y18-39,220
Мінін Констянтин Сергійович,жіноча,y40-64,561
Мінін Констянтин Сергійович,жіноча,y65+,960
Мінін Констянтин Сергійович,чоловіча,y6-17,2
Мінін Констянтин Сергійович,чоловіча,y18-39,172
Мінін Констянтин Сергійович,чоловіча,y40-64,324
Мінін Констянтин Сергійович,чоловіча,y65+,314
Міскі-Оглу Валерій Миколайович,жіноча,y0-5,581
Міскі-Оглу Валерій Миколайович,жіноча,y6-17,1144
Міскі-Оглу Валерій Миколайович,жіноча,y18-39,1
Міскі-Оглу Валерій Миколайович,чоловіча,y0-5,655
Міскі-Оглу Валерій Миколайович,чоловіча,y6-17,1189
Міскі-Оглу Валерій Миколайович,чоловіча,y18-39,11
Міскі-Оглу Валерій Миколайович,чоловіча,y40-64,1
Міскі-Оглу Валерій Миколайович,чоловіча,y65+,1
Назаренко Т.М.,жіноча,y0-5,994
Назаренко Т.М.,жіноча,y6-17,1592
Назаренко Т.М.,жіноча,y18-39,1
Назаренко Т.М.,чоловіча,y0-5,1034
Назаренко Т.М.,чоловіча,y6-17,1407
Нарушева Лариса Іванівна,жіноча,y6-17,1
Нарушева Лариса Іванівна,жіноча,y18-39,263
Нарушева Лариса Іванівна,жіноча,y40-64,619
Нарушева Лариса Іванівна,жіноча,y65+,965
Нарушева Лариса Іванівна,чоловіча,y18-39,206
Нарушева Лариса Іванівна,чоловіча,y40-64,363
Нарушева Лариса Іванівна,чоловіча,y65+,498
Науменко Ігор Вікторович,жіноча,y0-5,1364
Науменко Ігор Вікторович,жіноча,y6-17,1439
Науменко Ігор Вікторович,жіноча,y18-39,1
Науменко Ігор Вікторович,чоловіча,y0-5,1765
Науменко Ігор Вікторович,чоловіча,y6-17,1523
Науменко Ігор Вікторович,чоловіча,y65+,1
Науменко Олена Вікторівна,жіноча,y0-5,17
Науменко Олена Вікторівна,жіноча,y6-17,89
Науменко Олена Вікторівна,жіноча,y18-39,1
Науменко Олена Вікторівна,чоловіча,y0-5,26
Науменко Олена Вікторівна,чоловіча,y6-17,92
Науменко Т.М.,жіноча,y0-5,274
Науменко Т.М.,жіноча,y6-17,482
Науменко Т.М.,жіноча,y18-39,2
Науменко Т.М.,жіноча,y65+,1
Науменко Т.М.,чоловіча,y0-5,440
Науменко Т.М.,чоловіча,y6-17,457
Науменко Т.М.,чоловіча,y40-64,2
Науменко Томара Миколаївна,жіноча,y6-17,2
Науменко Томара Миколаївна,жіноча,y18-39,355
Науменко Томара Миколаївна,жіноча,y40-64,703
Науменко Томара Миколаївна,жіноча,y65+,872
Науменко Томара Миколаївна,чоловіча,y6-17,4
Науменко Томара Миколаївна,чоловіча,y18-39,480
Науменко Томара Миколаївна,чоловіча,y40-64,616
Науменко Томара Миколаївна,чоловіча,y65+,294
Неміч Юлія Сергіївна,жіноча,y0-5,383
Неміч Юлія Сергіївна,жіноча,y6-17,610
Неміч Юлія Сергіївна,жіноча,y18-39,1
Неміч Юлія Сергіївна,чоловіча,y0-5,378
Неміч Юлія Сергіївна,чоловіча,y6-17,560
Неміч Юлія Сергіївна,чоловіча,y18-39,1
Нестеренко Анна Георгіївна,жіноча,y0-5,19
Нестеренко Анна Георгіївна,жіноча,y6-17,42
Нестеренко Анна Георгіївна,жіноча,y18-39,1
Нестеренко Анна Георгіївна,чоловіча,y0-5,18
Нестеренко Анна Георгіївна,чоловіча,y6-17,51
Неудачина Марія Яківна ,жіноча,y6-17,16
Неудачина Марія Яківна ,жіноча,y18-39,480
Неудачина Марія Яківна ,жіноча,y40-64,918
Неудачина Марія Яківна ,жіноча,y65+,1359
Неудачина Марія Яківна ,чоловіча,y6-17,60
Неудачина Марія Яківна ,чоловіча,y18-39,412
Неудачина Марія Яківна ,чоловіча,y40-64,506
Неудачина Марія Яківна ,чоловіча,y65+,327
Ніжніковська Вера Володимирівна,жіноча,y0-5,968
Ніжніковська Вера Володимирівна,жіноча,y6-17,1293
Ніжніковська Вера Володимирівна,жіноча,y18-39,2
Ніжніковська Вера Володимирівна,жіноча,y40-64,1
Ніжніковська Вера Володимирівна,чоловіча,y0-5,939
Ніжніковська Вера Володимирівна,чоловіча,y6-17,1625
Ніжніковська Вера Володимирівна,чоловіча,y18-39,2
Ніколюк Тетяна Павлівна,жіноча,y18-39,1
Ніколюк Тетяна Павлівна,жіноча,y40-64,9
Ніколюк Тетяна Павлівна,жіноча,y65+,13
Ніколюк Тетяна Павлівна,чоловіча,y18-39,9
Ніколюк Тетяна Павлівна,чоловіча,y40-64,8
Ніколюк Тетяна Павлівна,чоловіча,y65+,12
Нічиков Юрій Володимирович,жіноча,y6-17,12
Нічиков Юрій Володимирович,жіноча,y18-39,528
Нічиков Юрій Володимирович,жіноча,y40-64,1112
Нічиков Юрій Володимирович,жіноча,y65+,1033
Нічиков Юрій Володимирович,чоловіча,y6-17,25
Нічиков Юрій Володимирович,чоловіча,y18-39,652
Нічиков Юрій Володимирович,чоловіча,y40-64,825
Нічиков Юрій Володимирович,чоловіча,y65+,413
Овчарук Альона Миколаївна,жіноча,y18-39,439
Овчарук Альона Миколаївна,жіноча,y40-64,839
Овчарук Альона Миколаївна,жіноча,y65+,897
Овчарук Альона Миколаївна,чоловіча,y18-39,430
Овчарук Альона Миколаївна,чоловіча,y40-64,368
Овчарук Альона Миколаївна,чоловіча,y65+,378
Овчиннікова Галина Андріївна,жіноча,y0-5,1049
Овчиннікова Галина Андріївна,жіноча,y6-17,1303
Овчиннікова Галина Андріївна,жіноча,y18-39,2
Овчиннікова Галина Андріївна,чоловіча,y0-5,1016
Овчиннікова Галина Андріївна,чоловіча,y6-17,1415
Овчиннікова Галина Андріївна,чоловіча,y40-64,1
Олійник Валентина Вікторівна,жіноча,y0-5,7
Олійник Валентина Вікторівна,жіноча,y6-17,16
Олійник Валентина Вікторівна,жіноча,y18-39,74
Олійник Валентина Вікторівна,жіноча,y40-64,226
Олійник Валентина Вікторівна,жіноча,y65+,369
Олійник Валентина Вікторівна,чоловіча,y0-5,3
Олійник Валентина Вікторівна,чоловіча,y6-17,23
Олійник Валентина Вікторівна,чоловіча,y18-39,98
Олійник Валентина Вікторівна,чоловіча,y40-64,160
Олійник Валентина Вікторівна,чоловіча,y65+,172
Омельченко Володимир Іванович,жіноча,y18-39,5
Омельченко Володимир Іванович,жіноча,y40-64,14
Омельченко Володимир Іванович,жіноча,y65+,10
Омельченко Володимир Іванович,чоловіча,y18-39,6
Омельченко Володимир Іванович,чоловіча,y40-64,16
Омельченко Володимир Іванович,чоловіча,y65+,3
Орлова Ірина Борисівна,жіноча,y0-5,2
Орлова Ірина Борисівна,жіноча,y6-17,13
Орлова Ірина Борисівна,жіноча,y18-39,222
Орлова Ірина Борисівна,жіноча,y40-64,708
Орлова Ірина Борисівна,жіноча,y65+,984
Орлова Ірина Борисівна,чоловіча,y6-17,17
Орлова Ірина Борисівна,чоловіча,y18-39,224
Орлова Ірина Борисівна,чоловіча,y40-64,359
Орлова Ірина Борисівна,чоловіча,y65+,366
Орловська Ірина Олегівна,жіноча,y0-5,2
Орловська Ірина Олегівна,жіноча,y6-17,90
Орловська Ірина Олегівна,жіноча,y18-39,530
Орловська Ірина Олегівна,жіноча,y40-64,1147
Орловська Ірина Олегівна,жіноча,y65+,982
Орловська Ірина Олегівна,чоловіча,y6-17,73
Орловська Ірина Олегівна,чоловіча,y18-39,834
Орловська Ірина Олегівна,чоловіча,y40-64,900
Орловська Ірина Олегівна,чоловіча,y65+,364
Остапович Елізавета Олександрівна,жіноча,y0-5,11
Остапович Елізавета Олександрівна,жіноча,y6-17,38
Остапович Елізавета Олександрівна,жіноча,y18-39,423
Остапович Елізавета Олександрівна,жіноча,y40-64,911
Остапович Елізавета Олександрівна,жіноча,y65+,880
Остапович Елізавета Олександрівна,чоловіча,y0-5,4
Остапович Елізавета Олександрівна,чоловіча,y6-17,39
Остапович Елізавета Олександрівна,чоловіча,y18-39,327
Остапович Елізавета Олександрівна,чоловіча,y40-64,668
Остапович Елізавета Олександрівна,чоловіча,y65+,349
Острецова Олена Григорівна,жіноча,y6-17,6
Острецова Олена Григорівна,жіноча,y18-39,241
Острецова Олена Григорівна,жіноча,y40-64,1045
Острецова Олена Григорівна,жіноча,y65+,1694
Острецова Олена Григорівна,чоловіча,y6-17,6
Острецова Олена Григорівна,чоловіча,y18-39,222
Острецова Олена Григорівна,чоловіча,y40-64,485
Острецова Олена Григорівна,чоловіча,y65+,512
Островська Ганна Володимирівна,жіноча,y0-5,23
Островська Ганна Володимирівна,жіноча,y6-17,73
Островська Ганна Володимирівна,чоловіча,y0-5,21
Островська Ганна Володимирівна,чоловіча,y6-17,90
Островська Ганна Володимирівна,чоловіча,y40-64,1
Ошовська Жана Миколаївна,жіноча,y0-5,1490
Ошовська Жана Миколаївна,жіноча,y6-17,1258
Ошовська Жана Миколаївна,жіноча,y18-39,2
Ошовська Жана Миколаївна,чоловіча,y0-5,1465
Ошовська Жана Миколаївна,чоловіча,y6-17,1342
Ошовська Жана Миколаївна,чоловіча,y18-39,3
Павленко Олексій Анатолійович,жіноча,y6-17,1
Павленко Олексій Анатолійович,жіноча,y18-39,277
Павленко Олексій Анатолійович,жіноча,y40-64,693
Павленко Олексій Анатолійович,жіноча,y65+,427
Павленко Олексій Анатолійович,чоловіча,y6-17,1
Павленко Олексій Анатолійович,чоловіча,y18-39,266
Павленко Олексій Анатолійович,чоловіча,y40-64,522
Павленко Олексій Анатолійович,чоловіча,y65+,172
Павлюк Лариса Олександрівна,жіноча,y0-5,1165
Павлюк Лариса Олександрівна,жіноча,y6-17,1835
Павлюк Лариса Олександрівна,жіноча,y18-39,4
Павлюк Лариса Олександрівна,жіноча,y40-64,1
Павлюк Лариса Олександрівна,чоловіча,y0-5,1216
Павлюк Лариса Олександрівна,чоловіча,y6-17,1504
Павлюк Лариса Олександрівна,чоловіча,y18-39,1
Павлюк Лариса Олександрівна,чоловіча,y40-64,8
Павлюк Лариса Олександрівна,чоловіча,y65+,2
Перепелиця В.М.,жіноча,y6-17,7
Перепелиця В.М.,жіноча,y18-39,468
Перепелиця В.М.,жіноча,y40-64,729
Перепелиця В.М.,жіноча,y65+,630
Перепелиця В.М.,чоловіча,y0-5,1
Перепелиця В.М.,чоловіча,y6-17,11
Перепелиця В.М.,чоловіча,y18-39,364
Перепелиця В.М.,чоловіча,y40-64,605
Перепелиця В.М.,чоловіча,y65+,275
Погорелова Тетяна Генадіївна,жіноча,y6-17,27
Погорелова Тетяна Генадіївна,жіноча,y18-39,410
Погорелова Тетяна Генадіївна,жіноча,y40-64,985
Погорелова Тетяна Генадіївна,жіноча,y65+,1779
Погорелова Тетяна Генадіївна,чоловіча,y0-5,1
Погорелова Тетяна Генадіївна,чоловіча,y6-17,11
Погорелова Тетяна Генадіївна,чоловіча,y18-39,397
Погорелова Тетяна Генадіївна,чоловіча,y40-64,604
Погорелова Тетяна Генадіївна,чоловіча,y65+,554
Поліщук Юлія Едуардівна,жіноча,y0-5,198
Поліщук Юлія Едуардівна,жіноча,y6-17,146
Поліщук Юлія Едуардівна,жіноча,y18-39,3
Поліщук Юлія Едуардівна,жіноча,y40-64,1
Поліщук Юлія Едуардівна,чоловіча,y0-5,224
Поліщук Юлія Едуардівна,чоловіча,y6-17,154
Поліщук Юлія Едуардівна,чоловіча,y18-39,1
Попова Світлана Леонидівна,жіноча,y0-5,1381
Попова Світлана Леонидівна,жіноча,y6-17,1542
Попова Світлана Леонидівна,жіноча,y18-39,3
Попова Світлана Леонидівна,жіноча,y40-64,1
Попова Світлана Леонидівна,чоловіча,y0-5,1499
Попова Світлана Леонидівна,чоловіча,y6-17,1489
Попова Світлана Леонидівна,чоловіча,y18-39,1
Попова Світлана Леонидівна,чоловіча,y40-64,1
Попова Світлана Леонидівна,чоловіча,y65+,1
Посохова Олена Олександрівна,жіноча,y0-5,647
Посохова Олена Олександрівна,жіноча,y6-17,959
Посохова Олена Олександрівна,жіноча,y18-39,342
Посохова Олена Олександрівна,жіноча,y40-64,449
Посохова Олена Олександрівна,жіноча,y65+,399
Посохова Олена Олександрівна,чоловіча,y0-5,438
Посохова Олена Олександрівна,чоловіча,y6-17,974
Посохова Олена Олександрівна,чоловіча,y18-39,233
Посохова Олена Олександрівна,чоловіча,y40-64,282
Посохова Олена Олександрівна,чоловіча,y65+,190
Проценко Андрій Олександрович,жіноча,y0-5,3
Проценко Андрій Олександрович,жіноча,y6-17,2
Проценко Андрій Олександрович,жіноча,y18-39,424
Проценко Андрій Олександрович,жіноча,y40-64,915
Проценко Андрій Олександрович,жіноча,y65+,757
Проценко Андрій Олександрович,чоловіча,y18-39,768
Проценко Андрій Олександрович,чоловіча,y40-64,845
Проценко Андрій Олександрович,чоловіча,y65+,402
Пісоцький В.І.,жіноча,y0-5,1
Пісоцький В.І.,жіноча,y6-17,2
Пісоцький В.І.,жіноча,y18-39,345
Пісоцький В.І.,жіноча,y40-64,773
Пісоцький В.І.,жіноча,y65+,798
Пісоцький В.І.,чоловіча,y6-17,3
Пісоцький В.І.,чоловіча,y18-39,664
Пісоцький В.І.,чоловіча,y40-64,1023
Пісоцький В.І.,чоловіча,y65+,398
Радченко Галина Олександрівна,жіноча,y0-5,124
Радченко Галина Олександрівна,жіноча,y6-17,176
Радченко Галина Олександрівна,жіноча,y18-39,231
Радченко Галина Олександрівна,жіноча,y40-64,497
Радченко Галина Олександрівна,жіноча,y65+,439
Радченко Галина Олександрівна,чоловіча,y0-5,99
Радченко Галина Олександрівна,чоловіча,y6-17,234
Радченко Галина Олександрівна,чоловіча,y18-39,254
Радченко Галина Олександрівна,чоловіча,y40-64,426
Радченко Галина Олександрівна,чоловіча,y65+,243
Разінкова Раїса Борисівна,жіноча,y0-5,274
Разінкова Раїса Борисівна,жіноча,y6-17,1229
Разінкова Раїса Борисівна,жіноча,y18-39,3
Разінкова Раїса Борисівна,жіноча,y65+,1
Разінкова Раїса Борисівна,чоловіча,y0-5,309
Разінкова Раїса Борисівна,чоловіча,y6-17,1402
Разінкова Раїса Борисівна,чоловіча,y65+,1
Рванова Ірина Миколаївна,жіноча,y0-5,285
Рванова Ірина Миколаївна,жіноча,y6-17,513
Рванова Ірина Миколаївна,чоловіча,y0-5,244
Рванова Ірина Миколаївна,чоловіча,y6-17,581
Редько Маргарита Андріївна,жіноча,y6-17,5
Редько Маргарита Андріївна,жіноча,y18-39,238
Редько Маргарита Андріївна,жіноча,y40-64,312
Редько Маргарита Андріївна,жіноча,y65+,240
Редько Маргарита Андріївна,чоловіча,y18-39,282
Редько Маргарита Андріївна,чоловіча,y40-64,262
Редько Маргарита Андріївна,чоловіча,y65+,100
Реутов Роман Геннадійович,жіноча,y6-17,1
Реутов Роман Геннадійович,жіноча,y18-39,84
Реутов Роман Геннадійович,жіноча,y40-64,216
Реутов Роман Геннадійович,жіноча,y65+,195
Реутов Роман Геннадійович,чоловіча,y6-17,2
Реутов Роман Геннадійович,чоловіча,y18-39,120
Реутов Роман Геннадійович,чоловіча,y40-64,236
Реутов Роман Геннадійович,чоловіча,y65+,126
Рижкова Наталя Сергіївна,жіноча,y0-5,808
Рижкова Наталя Сергіївна,жіноча,y6-17,866
Рижкова Наталя Сергіївна,жіноча,y18-39,8
Рижкова Наталя Сергіївна,чоловіча,y0-5,1099
Рижкова Наталя Сергіївна,чоловіча,y6-17,1036
Рижкова Наталя Сергіївна,чоловіча,y65+,1
Рокач Людмила Михайлівна,жіноча,y6-17,2
Рокач Людмила Михайлівна,жіноча,y18-39,334
Рокач Людмила Михайлівна,жіноча,y40-64,576
Рокач Людмила Михайлівна,жіноча,y65+,430
Рокач Людмила Михайлівна,чоловіча,y6-17,1
Рокач Людмила Михайлівна,чоловіча,y18-39,370
Рокач Людмила Михайлівна,чоловіча,y40-64,338
Рокач Людмила Михайлівна,чоловіча,y65+,215
Роянова Ольга Анатоліївна,жіноча,y0-5,1
Роянова Ольга Анатоліївна,жіноча,y6-17,4
Роянова Ольга Анатоліївна,жіноча,y18-39,582
Роянова Ольга Анатоліївна,жіноча,y40-64,751
Роянова Ольга Анатоліївна,жіноча,y65+,642
Роянова Ольга Анатоліївна,чоловіча,y6-17,12
Роянова Ольга Анатоліївна,чоловіча,y18-39,485
Роянова Ольга Анатоліївна,чоловіча,y40-64,409
Роянова Ольга Анатоліївна,чоловіча,y65+,338
Руденко Анатолій Миколайович,жіноча,y0-5,1005
Руденко Анатолій Миколайович,жіноча,y6-17,1374
Руденко Анатолій Миколайович,жіноча,y18-39,4
Руденко Анатолій Миколайович,жіноча,y40-64,1
Руденко Анатолій Миколайович,жіноча,y65+,2
Руденко Анатолій Миколайович,чоловіча,y0-5,1208
Руденко Анатолій Миколайович,чоловіча,y6-17,1497
Руденко Анатолій Миколайович,чоловіча,y18-39,3
Рябушка Валентина Михайлівна,жіноча,y18-39,161
Рябушка Валентина Михайлівна,жіноча,y40-64,447
Рябушка Валентина Михайлівна,жіноча,y65+,217
Рябушка Валентина Михайлівна,чоловіча,y6-17,1
Рябушка Валентина Михайлівна,чоловіча,y18-39,192
Рябушка Валентина Михайлівна,чоловіча,y40-64,209
Рябушка Валентина Михайлівна,чоловіча,y65+,88
Савельєва В.М.,жіноча,y6-17,2
Савельєва В.М.,жіноча,y18-39,428
Савельєва В.М.,жіноча,y40-64,763
Савельєва В.М.,жіноча,y65+,1031
Савельєва В.М.,чоловіча,y18-39,348
Савельєва В.М.,чоловіча,y40-64,533
Савельєва В.М.,чоловіча,y65+,307
Савицький Сергій Петрович,жіноча,y0-5,452
Савицький Сергій Петрович,жіноча,y6-17,700
Савицький Сергій Петрович,жіноча,y18-39,4
Савицький Сергій Петрович,жіноча,y40-64,2
Савицький Сергій Петрович,чоловіча,y0-5,596
Савицький Сергій Петрович,чоловіча,y6-17,779
Савицький Сергій Петрович,чоловіча,y18-39,1
Сафронов В.В.,жіноча,y6-17,3
Сафронов В.В.,жіноча,y18-39,458
Сафронов В.В.,жіноча,y40-64,796
Сафронов В.В.,жіноча,y65+,842
Сафронов В.В.,чоловіча,y6-17,5
Сафронов В.В.,чоловіча,y18-39,649
Сафронов В.В.,чоловіча,y40-64,930
Сафронов В.В.,чоловіча,y65+,371
Свіріденко Тетяна Іванівна,жіноча,y0-5,761
Свіріденко Тетяна Іванівна,жіноча,y6-17,951
Свіріденко Тетяна Іванівна,жіноча,y18-39,3
Свіріденко Тетяна Іванівна,чоловіча,y0-5,681
Свіріденко Тетяна Іванівна,чоловіча,y6-17,845
Свіріденко Тетяна Іванівна,чоловіча,y40-64,1
Світлична Ірина Олексіївна,жіноча,y18-39,176
Світлична Ірина Олексіївна,жіноча,y40-64,325
Світлична Ірина Олексіївна,жіноча,y65+,441
Світлична Ірина Олексіївна,чоловіча,y6-17,2
Світлична Ірина Олексіївна,чоловіча,y18-39,288
Світлична Ірина Олексіївна,чоловіча,y40-64,343
Світлична Ірина Олексіївна,чоловіча,y65+,210
Сенченко Тетяна Володимирівна,жіноча,y0-5,1082
Сенченко Тетяна Володимирівна,жіноча,y6-17,1336
Сенченко Тетяна Володимирівна,жіноча,y18-39,32
Сенченко Тетяна Володимирівна,жіноча,y40-64,2
Сенченко Тетяна Володимирівна,жіноча,y65+,1
Сенченко Тетяна Володимирівна,чоловіча,y0-5,1097
Сенченко Тетяна Володимирівна,чоловіча,y6-17,1296
Сенченко Тетяна Володимирівна,чоловіча,y18-39,29
Сенченко Тетяна Володимирівна,чоловіча,y40-64,3
Серікова Світлана Миколаївна,жіноча,y18-39,280
Серікова Світлана Миколаївна,жіноча,y40-64,730
Серікова Світлана Миколаївна,жіноча,y65+,672
Серікова Світлана Миколаївна,чоловіча,y6-17,1
Серікова Світлана Миколаївна,чоловіча,y18-39,560
Серікова Світлана Миколаївна,чоловіча,y40-64,736
Серікова Світлана Миколаївна,чоловіча,y65+,261
Синельников С.Л.,жіноча,y6-17,2
Синельников С.Л.,жіноча,y18-39,574
Синельников С.Л.,жіноча,y40-64,933
Синельников С.Л.,жіноча,y65+,722
Синельников С.Л.,чоловіча,y6-17,2
Синельников С.Л.,чоловіча,y18-39,512
Синельников С.Л.,чоловіча,y40-64,602
Синельников С.Л.,чоловіча,y65+,402
Скалига Лариса Вікторівна,жіноча,y6-17,2
Скалига Лариса Вікторівна,жіноча,y18-39,663
Скалига Лариса Вікторівна,жіноча,y40-64,1426
Скалига Лариса Вікторівна,жіноча,y65+,1388
Скалига Лариса Вікторівна,чоловіча,y6-17,4
Скалига Лариса Вікторівна,чоловіча,y18-39,607
Скалига Лариса Вікторівна,чоловіча,y40-64,802
Скалига Лариса Вікторівна,чоловіча,y65+,599
Слуцька І.Л.,жіноча,y6-17,1
Слуцька І.Л.,жіноча,y18-39,304
Слуцька І.Л.,жіноча,y40-64,800
Слуцька І.Л.,жіноча,y65+,836
Слуцька І.Л.,чоловіча,y6-17,1
Слуцька І.Л.,чоловіча,y18-39,241
Слуцька І.Л.,чоловіча,y40-64,454
Слуцька І.Л.,чоловіча,y65+,308
Смірнова Ольга Миколаівна,жіноча,y0-5,1235
Смірнова Ольга Миколаівна,жіноча,y6-17,1707
Смірнова Ольга Миколаівна,жіноча,y18-39,4
Смірнова Ольга Миколаівна,жіноча,y40-64,2
Смірнова Ольга Миколаівна,чоловіча,y0-5,1332
Смірнова Ольга Миколаівна,чоловіча,y6-17,1581
Смірнова Ольга Миколаівна,чоловіча,y18-39,3
Сорокіна Наталя Викторівна,жіноча,y18-39,336
Сорокіна Наталя Викторівна,жіноча,y40-64,818
Сорокіна Наталя Викторівна,жіноча,y65+,1779
Сорокіна Наталя Викторівна,чоловіча,y18-39,320
Сорокіна Наталя Викторівна,чоловіча,y40-64,432
Сорокіна Наталя Викторівна,чоловіча,y65+,560
Сосницька Марина Едуардівна,жіноча,y0-5,479
Сосницька Марина Едуардівна,жіноча,y6-17,670
Сосницька Марина Едуардівна,жіноча,y18-39,1
Сосницька Марина Едуардівна,чоловіча,y0-5,481
Сосницька Марина Едуардівна,чоловіча,y6-17,810
Сосницька Марина Едуардівна,чоловіча,y18-39,6
Сосницька Марина Едуардівна,чоловіча,y65+,1
Сотніков Олександр Ілліч,жіноча,y18-39,388
Сотніков Олександр Ілліч,жіноча,y40-64,797
Сотніков Олександр Ілліч,жіноча,y65+,526
Сотніков Олександр Ілліч,чоловіча,y18-39,394
Сотніков Олександр Ілліч,чоловіча,y40-64,762
Сотніков Олександр Ілліч,чоловіча,y65+,352
Сотнікова Валерія Володимирівна,жіноча,y0-5,52
Сотнікова Валерія Володимирівна,жіноча,y6-17,168
Сотнікова Валерія Володимирівна,жіноча,y18-39,2
Сотнікова Валерія Володимирівна,чоловіча,y0-5,60
Сотнікова Валерія Володимирівна,чоловіча,y6-17,178
Старков Сергій Миколайович,жіноча,y0-5,138
Старков Сергій Миколайович,жіноча,y6-17,128
Старков Сергій Миколайович,чоловіча,y0-5,169
Старков Сергій Миколайович,чоловіча,y6-17,116
Степанова Ірина Федорівна,жіноча,y0-5,1294
Степанова Ірина Федорівна,жіноча,y6-17,1896
Степанова Ірина Федорівна,жіноча,y18-39,7
Степанова Ірина Федорівна,жіноча,y40-64,1
Степанова Ірина Федорівна,чоловіча,y0-5,1690
Степанова Ірина Федорівна,чоловіча,y6-17,1920
Степанова Ірина Федорівна,чоловіча,y18-39,7
Степанішина Ольга Володимирівна,жіноча,y6-17,27
Степанішина Ольга Володимирівна,жіноча,y18-39,521
Степанішина Ольга Володимирівна,жіноча,y40-64,1444
Степанішина Ольга Володимирівна,жіноча,y65+,1495
Степанішина Ольга Володимирівна,чоловіча,y6-17,16
Степанішина Ольга Володимирівна,чоловіча,y18-39,535
Степанішина Ольга Володимирівна,чоловіча,y40-64,708
Степанішина Ольга Володимирівна,чоловіча,y65+,588
Стороженко Олена Борисівна,жіноча,y0-5,8
Стороженко Олена Борисівна,жіноча,y6-17,3
Стороженко Олена Борисівна,жіноча,y18-39,246
Стороженко Олена Борисівна,жіноча,y40-64,550
Стороженко Олена Борисівна,жіноча,y65+,645
Стороженко Олена Борисівна,чоловіча,y0-5,10
Стороженко Олена Борисівна,чоловіча,y6-17,14
Стороженко Олена Борисівна,чоловіча,y18-39,216
Стороженко Олена Борисівна,чоловіча,y40-64,380
Стороженко Олена Борисівна,чоловіча,y65+,248
Сухоіваненко Галина Броніславівна ,жіноча,y0-5,614
Сухоіваненко Галина Броніславівна ,жіноча,y6-17,647
Сухоіваненко Галина Броніславівна ,жіноча,y18-39,2
Сухоіваненко Галина Броніславівна ,чоловіча,y0-5,578
Сухоіваненко Галина Броніславівна ,чоловіча,y6-17,680
Сухоіваненко Галина Броніславівна ,чоловіча,y18-39,3
Сухоіваненко Галина Броніславівна ,чоловіча,y40-64,2
Сухоіваненко Галина Броніславівна ,чоловіча,y65+,1
Сімакова Ольга Григоріївна,жіноча,y6-17,4
Сімакова Ольга Григоріївна,жіноча,y18-39,1033
Сімакова Ольга Григоріївна,жіноча,y40-64,1394
Сімакова Ольга Григоріївна,жіноча,y65+,1051
Сімакова Ольга Григоріївна,чоловіча,y0-5,1
Сімакова Ольга Григоріївна,чоловіча,y6-17,7
Сімакова Ольга Григоріївна,чоловіча,y18-39,732
Сімакова Ольга Григоріївна,чоловіча,y40-64,684
Сімакова Ольга Григоріївна,чоловіча,y65+,433
Сінельнікова Ірина Леонідівна,жіноча,y6-17,6
Сінельнікова Ірина Леонідівна,жіноча,y18-39,501
Сінельнікова Ірина Леонідівна,жіноча,y40-64,1006
Сінельнікова Ірина Леонідівна,жіноча,y65+,1302
Сінельнікова Ірина Леонідівна,чоловіча,y6-17,3
Сінельнікова Ірина Леонідівна,чоловіча,y18-39,373
Сінельнікова Ірина Леонідівна,чоловіча,y40-64,525
Сінельнікова Ірина Леонідівна,чоловіча,y65+,578
Таран Ірина Дмитрівна,жіноча,y0-5,80
Таран Ірина Дмитрівна,жіноча,y6-17,157
Таран Ірина Дмитрівна,чоловіча,y0-5,76
Таран Ірина Дмитрівна,чоловіча,y6-17,148
Таран Вероніка Володимирівна,жіноча,y18-39,233
Таран Вероніка Володимирівна,жіноча,y40-64,716
Таран Вероніка Володимирівна,жіноча,y65+,941
Таран Вероніка Володимирівна,чоловіча,y6-17,1
Таран Вероніка Володимирівна,чоловіча,y18-39,198
Таран Вероніка Володимирівна,чоловіча,y40-64,421
Таран Вероніка Володимирівна,чоловіча,y65+,261
Тараненко Євдакія Григорівна ,жіноча,y18-39,106
Тараненко Євдакія Григорівна ,жіноча,y40-64,150
Тараненко Євдакія Григорівна ,жіноча,y65+,60
Тараненко Євдакія Григорівна ,чоловіча,y6-17,2
Тараненко Євдакія Григорівна ,чоловіча,y18-39,151
Тараненко Євдакія Григорівна ,чоловіча,y40-64,135
Тараненко Євдакія Григорівна ,чоловіча,y65+,35
Тарасова Галина Володимирівна,жіноча,y0-5,86
Тарасова Галина Володимирівна,жіноча,y6-17,146
Тарасова Галина Володимирівна,жіноча,y18-39,1
Тарасова Галина Володимирівна,чоловіча,y0-5,111
Тарасова Галина Володимирівна,чоловіча,y6-17,169
Таушан Андрій Дмитрович,жіноча,y0-5,89
Таушан Андрій Дмитрович,жіноча,y6-17,432
Таушан Андрій Дмитрович,жіноча,y18-39,135
Таушан Андрій Дмитрович,жіноча,y40-64,470
Таушан Андрій Дмитрович,жіноча,y65+,594
Таушан Андрій Дмитрович,чоловіча,y0-5,92
Таушан Андрій Дмитрович,чоловіча,y6-17,335
Таушан Андрій Дмитрович,чоловіча,y18-39,155
Таушан Андрій Дмитрович,чоловіча,y40-64,444
Таушан Андрій Дмитрович,чоловіча,y65+,267
Терськова Олена Володимирівна,жіноча,y18-39,119
Терськова Олена Володимирівна,жіноча,y40-64,360
Терськова Олена Володимирівна,жіноча,y65+,64
Терськова Олена Володимирівна,чоловіча,y18-39,103
Терськова Олена Володимирівна,чоловіча,y40-64,292
Терськова Олена Володимирівна,чоловіча,y65+,43
Тимощук Наталя Федорівна,жіноча,y0-5,252
Тимощук Наталя Федорівна,жіноча,y6-17,263
Тимощук Наталя Федорівна,чоловіча,y0-5,256
Тимощук Наталя Федорівна,чоловіча,y6-17,342
Тимощук Наталя Федорівна,чоловіча,y18-39,1
Тимощук Наталя Федорівна,чоловіча,y65+,1
Тихоніна Леонора Сергіївна,жіноча,y18-39,232
Тихоніна Леонора Сергіївна,жіноча,y40-64,668
Тихоніна Леонора Сергіївна,жіноча,y65+,1005
Тихоніна Леонора Сергіївна,чоловіча,y6-17,1
Тихоніна Леонора Сергіївна,чоловіча,y18-39,165
Тихоніна Леонора Сергіївна,чоловіча,y40-64,378
Тихоніна Леонора Сергіївна,чоловіча,y65+,442
Тищенко Микола Данілович,жіноча,y0-5,1
Тищенко Микола Данілович,жіноча,y6-17,1
Тищенко Микола Данілович,жіноча,y18-39,383
Тищенко Микола Данілович,жіноча,y40-64,534
Тищенко Микола Данілович,жіноча,y65+,529
Тищенко Микола Данілович,чоловіча,y6-17,7
Тищенко Микола Данілович,чоловіча,y18-39,288
Тищенко Микола Данілович,чоловіча,y40-64,341
Тищенко Микола Данілович,чоловіча,y65+,266
Ткачова Світлана Олександрівна,жіноча,y0-5,1419
Ткачова Світлана Олександрівна,жіноча,y6-17,2060
Ткачова Світлана Олександрівна,жіноча,y18-39,13
Ткачова Світлана Олександрівна,жіноча,y40-64,1
Ткачова Світлана Олександрівна,чоловіча,y0-5,1461
Ткачова Світлана Олександрівна,чоловіча,y6-17,2085
Ткачова Світлана Олександрівна,чоловіча,y18-39,8
Толмач Наталя Володимирівна,жіноча,y6-17,1
Толмач Наталя Володимирівна,жіноча,y18-39,409
Толмач Наталя Володимирівна,жіноча,y40-64,873
Толмач Наталя Володимирівна,жіноча,y65+,946
Толмач Наталя Володимирівна,чоловіча,y0-5,1
Толмач Наталя Володимирівна,чоловіча,y6-17,6
Толмач Наталя Володимирівна,чоловіча,y18-39,486
Толмач Наталя Володимирівна,чоловіча,y40-64,658
Толмач Наталя Володимирівна,чоловіча,y65+,292
Толмачова Лідія Іванівна,жіноча,y0-5,2
Толмачова Лідія Іванівна,жіноча,y6-17,1
Толмачова Лідія Іванівна,жіноча,y18-39,441
Толмачова Лідія Іванівна,жіноча,y40-64,840
Толмачова Лідія Іванівна,жіноча,y65+,1170
Толмачова Лідія Іванівна,чоловіча,y6-17,1
Толмачова Лідія Іванівна,чоловіча,y18-39,630
Толмачова Лідія Іванівна,чоловіча,y40-64,646
Толмачова Лідія Іванівна,чоловіча,y65+,430
Томенко Алла Михайлівна,жіноча,y6-17,1
Томенко Алла Михайлівна,жіноча,y18-39,507
Томенко Алла Михайлівна,жіноча,y40-64,1122
Томенко Алла Михайлівна,жіноча,y65+,730
Томенко Алла Михайлівна,чоловіча,y18-39,536
Томенко Алла Михайлівна,чоловіча,y40-64,715
Томенко Алла Михайлівна,чоловіча,y65+,273
Тімченко Я.І.,жіноча,y6-17,10
Тімченко Я.І.,жіноча,y18-39,173
Тімченко Я.І.,жіноча,y40-64,269
Тімченко Я.І.,жіноча,y65+,505
Тімченко Я.І.,чоловіча,y6-17,10
Тімченко Я.І.,чоловіча,y18-39,95
Тімченко Я.І.,чоловіча,y40-64,176
Тімченко Я.І.,чоловіча,y65+,131
Тіщенко Валентина Іванівна,жіноча,y0-5,1
Тіщенко Валентина Іванівна,жіноча,y18-39,404
Тіщенко Валентина Іванівна,жіноча,y40-64,2358
Тіщенко Валентина Іванівна,жіноча,y65+,4183
Тіщенко Валентина Іванівна,чоловіча,y6-17,18
Тіщенко Валентина Іванівна,чоловіча,y18-39,487
Тіщенко Валентина Іванівна,чоловіча,y40-64,849
Тіщенко Валентина Іванівна,чоловіча,y65+,1596
Тіщенко О.В.,жіноча,y0-5,8
Тіщенко О.В.,жіноча,y6-17,22
Тіщенко О.В.,жіноча,y18-39,206
Тіщенко О.В.,жіноча,y40-64,390
Тіщенко О.В.,жіноча,y65+,274
Тіщенко О.В.,чоловіча,y0-5,3
Тіщенко О.В.,чоловіча,y6-17,26
Тіщенко О.В.,чоловіча,y18-39,154
Тіщенко О.В.,чоловіча,y40-64,192
Тіщенко О.В.,чоловіча,y65+,120
Удовиця Галина Олександрівна,жіноча,y0-5,168
Удовиця Галина Олександрівна,жіноча,y6-17,333
Удовиця Галина Олександрівна,жіноча,y65+,2
Удовиця Галина Олександрівна,чоловіча,y0-5,162
Удовиця Галина Олександрівна,чоловіча,y6-17,318
Удовиця Галина Олександрівна,чоловіча,y18-39,1
Узун Леонід Олексійович ,жіноча,y6-17,5
Узун Леонід Олексійович ,жіноча,y18-39,534
Узун Леонід Олексійович ,жіноча,y40-64,891
Узун Леонід Олексійович ,жіноча,y65+,637
Узун Леонід Олексійович ,чоловіча,y6-17,18
Узун Леонід Олексійович ,чоловіча,y18-39,548
Узун Леонід Олексійович ,чоловіча,y40-64,706
Узун Леонід Олексійович ,чоловіча,y65+,380
Улзетуєва О.В.,жіноча,y6-17,2
Улзетуєва О.В.,жіноча,y18-39,302
Улзетуєва О.В.,жіноча,y40-64,862
Улзетуєва О.В.,жіноча,y65+,923
Улзетуєва О.В.,чоловіча,y6-17,3
Улзетуєва О.В.,чоловіча,y18-39,316
Улзетуєва О.В.,чоловіча,y40-64,463
Улзетуєва О.В.,чоловіча,y65+,338
Умерова Галина Григоріївна,жіноча,y0-5,780
Умерова Галина Григоріївна,жіноча,y6-17,896
Умерова Галина Григоріївна,жіноча,y18-39,1
Умерова Галина Григоріївна,чоловіча,y0-5,843
Умерова Галина Григоріївна,чоловіча,y6-17,940
Умерова Галина Григоріївна,чоловіча,y18-39,2
Умерова Галина Григоріївна,чоловіча,y40-64,1
Фадеєва О.В.,жіноча,y0-5,831
Фадеєва О.В.,жіноча,y6-17,1282
Фадеєва О.В.,жіноча,y18-39,1
Фадеєва О.В.,чоловіча,y0-5,923
Фадеєва О.В.,чоловіча,y6-17,1276
Фадеєва О.В.,чоловіча,y40-64,1
Фартушняк Надія Леонидівна,жіноча,y6-17,12
Фартушняк Надія Леонидівна,жіноча,y18-39,464
Фартушняк Надія Леонидівна,жіноча,y40-64,773
Фартушняк Надія Леонидівна,жіноча,y65+,445
Фартушняк Надія Леонидівна,чоловіча,y6-17,15
Фартушняк Надія Леонидівна,чоловіча,y18-39,331
Фартушняк Надія Леонидівна,чоловіча,y40-64,557
Фартушняк Надія Леонидівна,чоловіча,y65+,301
Фоміна Олена Леонидівна,жіноча,y6-17,5
Фоміна Олена Леонидівна,жіноча,y18-39,306
Фоміна Олена Леонидівна,жіноча,y40-64,787
Фоміна Олена Леонидівна,жіноча,y65+,977
Фоміна Олена Леонидівна,чоловіча,y6-17,2
Фоміна Олена Леонидівна,чоловіча,y18-39,328
Фоміна Олена Леонидівна,чоловіча,y40-64,490
Фоміна Олена Леонидівна,чоловіча,y65+,375
Філіппенко Андрій  Вікторович,жіноча,y0-5,917
Філіппенко Андрій  Вікторович,жіноча,y6-17,1935
Філіппенко Андрій  Вікторович,жіноча,y18-39,5
Філіппенко Андрій  Вікторович,чоловіча,y0-5,1033
Філіппенко Андрій  Вікторович,чоловіча,y6-17,1989
Філіппенко Андрій  Вікторович,чоловіча,y18-39,1
Фірсова Софія Іскаківна,жіноча,y18-39,292
Фірсова Софія Іскаківна,жіноча,y40-64,627
Фірсова Софія Іскаківна,жіноча,y65+,1000
Фірсова Софія Іскаківна,чоловіча,y18-39,267
Фірсова Софія Іскаківна,чоловіча,y40-64,448
Фірсова Софія Іскаківна,чоловіча,y65+,410
Хаврах Ірина Василівна,жіноча,y0-5,1
Хаврах Ірина Василівна,жіноча,y18-39,342
Хаврах Ірина Василівна,жіноча,y40-64,1227
Хаврах Ірина Василівна,жіноча,y65+,1022
Хаврах Ірина Василівна,чоловіча,y6-17,3
Хаврах Ірина Василівна,чоловіча,y18-39,287
Хаврах Ірина Василівна,чоловіча,y40-64,456
Хаврах Ірина Василівна,чоловіча,y65+,222
Хаджинова Віра Валентинівна,жіноча,y18-39,354
Хаджинова Віра Валентинівна,жіноча,y40-64,1052
Хаджинова Віра Валентинівна,жіноча,y65+,637
Хаджинова Віра Валентинівна,чоловіча,y6-17,7
Хаджинова Віра Валентинівна,чоловіча,y18-39,366
Хаджинова Віра Валентинівна,чоловіча,y40-64,749
Хаджинова Віра Валентинівна,чоловіча,y65+,265
Хандога Алла Василівна,жіноча,y18-39,11
Хандога Алла Василівна,жіноча,y40-64,22
Хандога Алла Василівна,жіноча,y65+,27
Хандога Алла Василівна,чоловіча,y18-39,13
Хандога Алла Василівна,чоловіча,y40-64,10
Хандога Алла Василівна,чоловіча,y65+,7
Харчук Людмила Михайлівна,жіноча,y18-39,604
Харчук Людмила Михайлівна,жіноча,y40-64,1138
Харчук Людмила Михайлівна,жіноча,y65+,1308
Харчук Людмила Михайлівна,чоловіча,y6-17,3
Харчук Людмила Михайлівна,чоловіча,y18-39,467
Харчук Людмила Михайлівна,чоловіча,y40-64,842
Харчук Людмила Михайлівна,чоловіча,y65+,677
Хасхачіх Олександр Іванович,жіноча,y6-17,1
Хасхачіх Олександр Іванович,жіноча,y18-39,292
Хасхачіх Олександр Іванович,жіноча,y40-64,605
Хасхачіх Олександр Іванович,жіноча,y65+,537
Хасхачіх Олександр Іванович,чоловіча,y6-17,1
Хасхачіх Олександр Іванович,чоловіча,y18-39,397
Хасхачіх Олександр Іванович,чоловіча,y40-64,592
Хасхачіх Олександр Іванович,чоловіча,y65+,257
Хоббі Башар Нуршан Нурольди,жіноча,y0-5,147
Хоббі Башар Нуршан Нурольди,жіноча,y6-17,358
Хоббі Башар Нуршан Нурольди,жіноча,y18-39,3
Хоббі Башар Нуршан Нурольди,чоловіча,y0-5,129
Хоббі Башар Нуршан Нурольди,чоловіча,y6-17,416
Хоббі Башар Нуршан Нурольди,чоловіча,y18-39,1
Ходасевич Людмила Михайлівна,жіноча,y0-5,351
Ходасевич Людмила Михайлівна,жіноча,y6-17,418
Ходасевич Людмила Михайлівна,жіноча,y18-39,4
Ходасевич Людмила Михайлівна,чоловіча,y0-5,322
Ходасевич Людмила Михайлівна,чоловіча,y6-17,358
Ходасевич Людмила Михайлівна,чоловіча,y18-39,2
Хританкова Алла Андріївна,жіноча,y6-17,1
Хританкова Алла Андріївна,жіноча,y18-39,63
Хританкова Алла Андріївна,жіноча,y40-64,151
Хританкова Алла Андріївна,жіноча,y65+,161
Хританкова Алла Андріївна,чоловіча,y18-39,70
Хританкова Алла Андріївна,чоловіча,y40-64,59
Хританкова Алла Андріївна,чоловіча,y65+,84
Хропова Л.В.,жіноча,y0-5,419
Хропова Л.В.,жіноча,y6-17,795
Хропова Л.В.,жіноча,y40-64,2
Хропова Л.В.,жіноча,y65+,1
Хропова Л.В.,чоловіча,y0-5,503
Хропова Л.В.,чоловіча,y6-17,1022
Хропова Л.В.,чоловіча,y18-39,14
Хропова Л.В.,чоловіча,y40-64,3
Хропова Л.В.,чоловіча,y65+,1
Худолій Лідія В'ячеславівна,жіноча,y0-5,1160
Худолій Лідія В'ячеславівна,жіноча,y6-17,1906
Худолій Лідія В'ячеславівна,чоловіча,y0-5,1651
Худолій Лідія В'ячеславівна,чоловіча,y6-17,1979
Худолій Лідія В'ячеславівна,чоловіча,y18-39,3
Худолій Лідія В'ячеславівна,чоловіча,y40-64,1
Чаган Людмила Анатоліївна,жіноча,y0-5,1254
Чаган Людмила Анатоліївна,жіноча,y6-17,1034
Чаган Людмила Анатоліївна,жіноча,y18-39,1
Чаган Людмила Анатоліївна,жіноча,y65+,1
Чаган Людмила Анатоліївна,чоловіча,y0-5,1210
Чаган Людмила Анатоліївна,чоловіча,y6-17,1098
Чаган Людмила Анатоліївна,чоловіча,y18-39,1
Чаган Людмила Анатоліївна,чоловіча,y40-64,1
Чаговець Лариса Василіївна,жіноча,y0-5,67
Чаговець Лариса Василіївна,жіноча,y6-17,428
Чаговець Лариса Василіївна,жіноча,y18-39,2
Чаговець Лариса Василіївна,чоловіча,y0-5,69
Чаговець Лариса Василіївна,чоловіча,y6-17,281
Чаку Вікторія Вікторівна,жіноча,y18-39,195
Чаку Вікторія Вікторівна,жіноча,y40-64,569
Чаку Вікторія Вікторівна,жіноча,y65+,397
Чаку Вікторія Вікторівна,чоловіча,y6-17,2
Чаку Вікторія Вікторівна,чоловіча,y18-39,152
Чаку Вікторія Вікторівна,чоловіча,y40-64,294
Чаку Вікторія Вікторівна,чоловіча,y65+,182
Чеберяк Наталя Василівна,жіноча,y18-39,300
Чеберяк Наталя Василівна,жіноча,y40-64,772
Чеберяк Наталя Василівна,жіноча,y65+,1160
Чеберяк Наталя Василівна,чоловіча,y18-39,288
Чеберяк Наталя Василівна,чоловіча,y40-64,416
Чеберяк Наталя Василівна,чоловіча,y65+,402
Чепайкіна Г.В.,жіноча,y18-39,106
Чепайкіна Г.В.,жіноча,y40-64,441
Чепайкіна Г.В.,жіноча,y65+,727
Чепайкіна Г.В.,чоловіча,y18-39,98
Чепайкіна Г.В.,чоловіча,y40-64,215
Чепайкіна Г.В.,чоловіча,y65+,284
Черкесова Лариса Петрівна ,жіноча,y0-5,316
Черкесова Лариса Петрівна ,жіноча,y6-17,622
Черкесова Лариса Петрівна ,жіноча,y18-39,7
Черкесова Лариса Петрівна ,чоловіча,y0-5,377
Черкесова Лариса Петрівна ,чоловіча,y6-17,575
Черкесова Лариса Петрівна ,чоловіча,y18-39,2
Чудновська Наталія Миколаївна,жіноча,y18-39,501
Чудновська Наталія Миколаївна,жіноча,y40-64,1661
Чудновська Наталія Миколаївна,жіноча,y65+,1731
Чудновська Наталія Миколаївна,чоловіча,y18-39,584
Чудновська Наталія Миколаївна,чоловіча,y40-64,935
Чудновська Наталія Миколаївна,чоловіча,y65+,669
Чумаченко Дмитро Євгенович,жіноча,y18-39,128
Чумаченко Дмитро Євгенович,жіноча,y40-64,238
Чумаченко Дмитро Євгенович,жіноча,y65+,196
Чумаченко Дмитро Євгенович,чоловіча,y18-39,118
Чумаченко Дмитро Євгенович,чоловіча,y40-64,197
Чумаченко Дмитро Євгенович,чоловіча,y65+,121
Чурілова Ірина Василівна,жіноча,y0-5,1718
Чурілова Ірина Василівна,жіноча,y6-17,1995
Чурілова Ірина Василівна,жіноча,y18-39,8
Чурілова Ірина Василівна,жіноча,y40-64,4
Чурілова Ірина Василівна,чоловіча,y0-5,1788
Чурілова Ірина Василівна,чоловіча,y6-17,2017
Чурілова Ірина Василівна,чоловіча,y18-39,4
Шамшина Ельвіра Миколаївна,жіноча,y6-17,3
Шамшина Ельвіра Миколаївна,жіноча,y18-39,256
Шамшина Ельвіра Миколаївна,жіноча,y40-64,603
Шамшина Ельвіра Миколаївна,жіноча,y65+,1054
Шамшина Ельвіра Миколаївна,чоловіча,y18-39,220
Шамшина Ельвіра Миколаївна,чоловіча,y40-64,336
Шамшина Ельвіра Миколаївна,чоловіча,y65+,336
Шаповалов Андрій Валерійович,жіноча,y0-5,778
Шаповалов Андрій Валерійович,жіноча,y6-17,1425
Шаповалов Андрій Валерійович,жіноча,y18-39,4
Шаповалов Андрій Валерійович,жіноча,y40-64,2
Шаповалов Андрій Валерійович,чоловіча,y0-5,867
Шаповалов Андрій Валерійович,чоловіча,y6-17,1670
Шаповалов Андрій Валерійович,чоловіча,y18-39,8
Шаповалов Андрій Валерійович,чоловіча,y40-64,1
Шведова В.В.,жіноча,y18-39,2
Шведова В.В.,жіноча,y40-64,8
Шведова В.В.,жіноча,y65+,7
Шведова В.В.,чоловіча,y18-39,5
Шведова В.В.,чоловіча,y40-64,6
Шведова В.В.,чоловіча,y65+,2
Шведова Г.М.,жіноча,y0-5,716
Шведова Г.М.,жіноча,y6-17,1213
Шведова Г.М.,жіноча,y18-39,3
Шведова Г.М.,чоловіча,y0-5,701
Шведова Г.М.,чоловіча,y6-17,1345
Шведова Г.М.,чоловіча,y18-39,3
Швець Тетяна Василівна,жіноча,y6-17,16
Швець Тетяна Василівна,жіноча,y18-39,656
Швець Тетяна Василівна,жіноча,y40-64,1502
Швець Тетяна Василівна,жіноча,y65+,584
Швець Тетяна Василівна,чоловіча,y0-5,3
Швець Тетяна Василівна,чоловіча,y6-17,8
Швець Тетяна Василівна,чоловіча,y18-39,699
Швець Тетяна Василівна,чоловіча,y40-64,1056
Швець Тетяна Василівна,чоловіча,y65+,255
Шевченко Анжела Ігоровна,жіноча,y0-5,1314
Шевченко Анжела Ігоровна,жіноча,y6-17,1578
Шевченко Анжела Ігоровна,жіноча,y18-39,1
Шевченко Анжела Ігоровна,жіноча,y40-64,1
Шевченко Анжела Ігоровна,чоловіча,y0-5,1230
Шевченко Анжела Ігоровна,чоловіча,y6-17,1813
Шевченко Людмила Володимирівна,жіноча,y0-5,484
Шевченко Людмила Володимирівна,жіноча,y6-17,697
Шевченко Людмила Володимирівна,жіноча,y18-39,5
Шевченко Людмила Володимирівна,чоловіча,y0-5,554
Шевченко Людмила Володимирівна,чоловіча,y6-17,627
Шилов Віталій Вікторович,жіноча,y0-5,457
Шилов Віталій Вікторович,жіноча,y6-17,549
Шилов Віталій Вікторович,жіноча,y18-39,2
Шилов Віталій Вікторович,жіноча,y40-64,2
Шилов Віталій Вікторович,чоловіча,y0-5,510
Шилов Віталій Вікторович,чоловіча,y6-17,585
Шилов Віталій Вікторович,чоловіча,y18-39,2
Шкуренко Олександр Сергійович,жіноча,y18-39,62
Шкуренко Олександр Сергійович,жіноча,y40-64,167
Шкуренко Олександр Сергійович,жіноча,y65+,108
Шкуренко Олександр Сергійович,чоловіча,y0-5,1
Шкуренко Олександр Сергійович,чоловіча,y6-17,2
Шкуренко Олександр Сергійович,чоловіча,y18-39,99
Шкуренко Олександр Сергійович,чоловіча,y40-64,140
Шкуренко Олександр Сергійович,чоловіча,y65+,80
Шмідік Людмила Василівна,жіноча,y6-17,4
Шмідік Людмила Василівна,жіноча,y18-39,652
Шмідік Людмила Василівна,жіноча,y40-64,1324
Шмідік Людмила Василівна,жіноча,y65+,981
Шмідік Людмила Василівна,чоловіча,y6-17,2
Шмідік Людмила Василівна,чоловіча,y18-39,600
Шмідік Людмила Василівна,чоловіча,y40-64,939
Шмідік Людмила Василівна,чоловіча,y65+,475
Шпак Людмила Григорівна,жіноча,y0-5,781
Шпак Людмила Григорівна,жіноча,y6-17,1131
Шпак Людмила Григорівна,жіноча,y18-39,7
Шпак Людмила Григорівна,жіноча,y65+,1
Шпак Людмила Григорівна,чоловіча,y0-5,1000
Шпак Людмила Григорівна,чоловіча,y6-17,1193
Шпак Людмила Григорівна,чоловіча,y18-39,6
Шувалова Вікторія Вікторівна,жіноча,y0-5,1
Шувалова Вікторія Вікторівна,жіноча,y6-17,2
Шувалова Вікторія Вікторівна,жіноча,y18-39,379
Шувалова Вікторія Вікторівна,жіноча,y40-64,875
Шувалова Вікторія Вікторівна,жіноча,y65+,1593
Шувалова Вікторія Вікторівна,чоловіча,y6-17,1
Шувалова Вікторія Вікторівна,чоловіча,y18-39,345
Шувалова Вікторія Вікторівна,чоловіча,y40-64,678
Шувалова Вікторія Вікторівна,чоловіча,y65+,657
Шумська Оксана Олександрівна,жіноча,y0-5,876
Шумська Оксана Олександрівна,жіноча,y6-17,1333
Шумська Оксана Олександрівна,жіноча,y18-39,4
Шумська Оксана Олександрівна,чоловіча,y0-5,1264
Шумська Оксана Олександрівна,чоловіча,y6-17,1270
Шумська Оксана Олександрівна,чоловіча,y18-39,1
Шумська Оксана Олександрівна,чоловіча,y40-64,2
Щербина Віктор Станіславович,жіноча,y18-39,4
Щербина Віктор Станіславович,жіноча,y40-64,33
Щербина Віктор Станіславович,жіноча,y65+,78
Щербина Віктор Станіславович,чоловіча,y18-39,8
Щербина Віктор Станіславович,чоловіча,y40-64,28
Щербина Віктор Станіславович,чоловіча,y65+,26
Щира Ольга Михайлівна,жіноча,y0-5,204
Щира Ольга Михайлівна,жіноча,y6-17,1434
Щира Ольга Михайлівна,жіноча,y18-39,5
Щира Ольга Михайлівна,жіноча,y65+,1
Щира Ольга Михайлівна,чоловіча,y0-5,224
Щира Ольга Михайлівна,чоловіча,y6-17,1216
Ющенко Ніна Михайлівна,жіноча,y0-5,1586
Ющенко Ніна Михайлівна,жіноча,y6-17,1518
Ющенко Ніна Михайлівна,жіноча,y18-39,2
Ющенко Ніна Михайлівна,чоловіча,y0-5,1287
Ющенко Ніна Михайлівна,чоловіча,y6-17,1626
Яковлева Любов Анатоліївна,жіноча,y0-5,1164
Яковлева Любов Анатоліївна,жіноча,y6-17,1084
Яковлева Любов Анатоліївна,жіноча,y18-39,3
Яковлева Любов Анатоліївна,чоловіча,y0-5,1167
Яковлева Любов Анатоліївна,чоловіча,y6-17,1279
Яковлева Любов Анатоліївна,чоловіча,y18-39,2
Яценко Т.А.,жіноча,y0-5,1273
Яценко Т.А.,жіноча,y6-17,1667
Яценко Т.А.,жіноча,y18-39,1
Яценко Т.А.,чоловіча,y0-5,1263
Яценко Т.А.,чоловіча,y6-17,1318
Яценко Т.А.,чоловіча,y18-39,3
Яценко Т.А.,чоловіча,y40-64,1
Яценко Т.А.,чоловіча,y65+,1
Яшарова Галина Леонідівна,жіноча,y18-39,336
Яшарова Галина Леонідівна,жіноча,y40-64,742
Яшарова Галина Леонідівна,жіноча,y65+,632
Яшарова Галина Леонідівна,чоловіча,y0-5,1
Яшарова Галина Леонідівна,чоловіча,y18-39,374
Яшарова Галина Леонідівна,чоловіча,y40-64,377
Яшарова Галина Леонідівна,чоловіча,y65+,215
